{
  "generations": [
    0
  ],
  "best_scores": [
    6.5
  ],
  "mean_scores": [
    0.7666666666666667
  ],
  "std_scores": [
    1.7688665548562137
  ],
  "noise_levels": [
    0.95
  ],
  "elite_scores": [
    [
      6.5,
      3.5,
      1.0,
      0.5,
      0.0
    ]
  ],
  "population_diversity": [
    1.7688665548562137
  ],
  "weight_evolution": [
    [
      0.309022845678638,
      0.5018713399243562,
      0.4749817878807964,
      0.17253039512070548,
      -0.4422536302354173,
      -0.026213286123899237
    ]
  ],
  "convergence_metrics": [],
  "errors": [],
  "game_times": [
    0.32055433591206867
  ],
  "parallel_efficiency": [
    3.40570424707934
  ],
  "total_training_time": 0
}