{
  "feature_set": "dellacherie",
  "population_size": 15,
  "elite_size": 5,
  "noise_std": 0.95,
  "noise_decay": 0.95,
  "n_processes": 8,
  "current_generation": 0,
  "mean": [
    0.309022845678638,
    0.5018713399243562,
    0.4749817878807964,
    0.17253039512070548,
    -0.4422536302354173,
    -0.026213286123899237
  ],
  "std": [
    0.544837001206608,
    1.0878250054267484,
    0.4918412699304273,
    0.1989564915725082,
    0.89350901936311,
    0.9676298014859239
  ],
  "interruption_reason": "periodic_save",
  "timestamp": "20250814_135104"
}