{
  "feature_set": "dellacherie",
  "population_size": 15,
  "elite_size": 5,
  "noise_std": 0.7350918906249998,
  "noise_decay": 0.95,
  "n_processes": 8,
  "current_generation": 5,
  "mean": [
    0.11847404839544924,
    0.6515619444847875,
    -0.24760315261696694,
    0.01780443051610763,
    -2.2659097398945467,
    -0.17802838245020697
  ],
  "std": [
    0.1,
    0.1,
    0.12615974473399688,
    0.5434594716259664,
    0.8948889392794669,
    0.11609082006013169
  ],
  "interruption_reason": "periodic_save",
  "timestamp": "20250814_131817"
}