{
  "generations": [
    0,
    1,
    2,
    3,
    4,
    5,
    6,
    7,
    8,
    9
  ],
  "best_scores": [
    3.0,
    14.0,
    26.5,
    53.0,
    24.5,
    29.5,
    25.5,
    26.0,
    78.5,
    132.5
  ],
  "mean_scores": [
    0.16666666666666666,
    1.3611111111111112,
    9.666666666666666,
    10.527777777777779,
    7.472222222222222,
    8.694444444444445,
    11.472222222222221,
    10.63888888888889,
    25.97222222222222,
    30.333333333333332
  ],
  "std_scores": [
    0.6871842709362769,
    3.3739424497642205,
    7.859884081701064,
    13.004777137462286,
    6.419311624184876,
    7.126123476510152,
    6.811901802935764,
    7.64272630885725,
    18.204450174966546,
    31.30938801346615
  ],
  "noise_levels": [
    1.056,
    1.01376,
    0.9732096,
    0.934281216,
    0.89690996736,
    0.8610335686655999,
    0.8265922259189759,
    0.7935285368822168,
    0.7617873954069281,
    0.7313158995906509
  ],
  "elite_scores": [
    [
      3.0,
      0.0,
      0.0,
      0.0
    ],
    [
      14.0,
      6.0,
      2.0,
      1.0
    ],
    [
      26.5,
      23.5,
      18.5,
      17.0
    ],
    [
      53.0,
      28.0,
      27.5,
      14.0
    ],
    [
      24.5,
      23.0,
      11.5,
      9.0
    ],
    [
      29.5,
      18.5,
      17.0,
      13.0
    ],
    [
      25.5,
      22.0,
      17.5,
      17.0
    ],
    [
      26.0,
      23.5,
      20.5,
      20.5
    ],
    [
      78.5,
      56.5,
      40.0,
      34.5
    ],
    [
      132.5,
      77.5,
      51.0,
      41.0
    ]
  ],
  "population_diversity": [
    0.6871842709362769,
    3.3739424497642205,
    7.859884081701064,
    13.004777137462286,
    6.419311624184876,
    7.126123476510152,
    6.811901802935764,
    7.64272630885725,
    18.204450174966546,
    31.30938801346615
  ],
  "weight_evolution": [
    [
      -0.3283453888634444,
      -0.6084803318697911,
      -0.3661098661938331,
      -0.14935143949221272,
      -0.21329311326321776,
      0.39705960153812897
    ],
    [
      -0.5660547568330709,
      -0.6557775822712828,
      -1.2848505508542933,
      -0.2419315168475481,
      -0.8743235095139474,
      -0.6599246119040004
    ],
    [
      -0.566176027418997,
      -0.7680137308698389,
      -1.2753572451718387,
      -0.5146508417471498,
      -1.1440501851526514,
      -0.5229755966365675
    ],
    [
      -0.356432975849578,
      -0.6765048147773414,
      -1.2232192926748944,
      -0.540633049823349,
      -1.1135110502075045,
      -0.4502635433575962
    ],
    [
      -0.38500235412171124,
      -0.6625962765866606,
      -1.4818967167691435,
      -0.5268260864547425,
      -1.1191079769080126,
      -0.41156901909347143
    ],
    [
      -0.30878669792928876,
      -0.7126826848743375,
      -1.3220836691593942,
      -0.42957098367520263,
      -1.1318038813323839,
      -0.33746407081329177
    ],
    [
      -0.36722468503200517,
      -0.7920479463569137,
      -1.503699523228322,
      -0.4193302464326748,
      -1.1848922822251131,
      -0.35590683933299183
    ],
    [
      -0.25448838233642596,
      -0.7320638547532274,
      -1.0485193595415627,
      -0.3846702890389286,
      -1.2341108307011934,
      -0.30096194258762093
    ],
    [
      -0.2418703852329539,
      -0.7628264908837243,
      -0.9717979282185686,
      -0.40830957561354186,
      -1.2989517758178644,
      -0.31155173569305755
    ],
    [
      -0.3858501184439177,
      -0.7232861708234424,
      -0.8000836878969639,
      -0.3796760354717718,
      -1.3822572074780448,
      -0.2929460824298462
    ]
  ],
  "convergence_metrics": [],
  "errors": [],
  "game_times": [
    0.29424413045247394,
    0.4131871991687351,
    0.9620005951987373,
    0.9485255612267388,
    0.8556773331430223,
    1.0715083811018202,
    1.2437461813290913,
    1.2562474542193942,
    2.0087584058443704,
    2.036010060045454
  ],
  "parallel_efficiency": [
    4.701652617596936,
    4.492032746838976,
    6.087652215166531,
    6.006874774882537,
    5.805245080886065,
    5.943871694175763,
    6.097152205027057,
    5.792559407649029,
    6.8462851997405245,
    4.605936844444379
  ],
  "total_training_time": 70.40322709083557,
  "interruption_point": {
    "generation": 9,
    "reason": "completed"
  }
}