{
  "feature_set": "dellacherie",
  "population_size": 20,
  "elite_size": 8,
  "noise_std": 0.9558895783575597,
  "noise_decay": 0.995,
  "n_processes": 16,
  "current_generation": 8,
  "mean": [
    1.0814111127020218,
    -0.26781853305233494,
    -1.066544020313055,
    -0.011291459380716132,
    -1.1886699734790178,
    -0.6891931123229068
  ],
  "std": [
    0.2808906685307232,
    0.2906734418107595,
    0.22352244863889215,
    0.1490841000652766,
    0.14365489113887905,
    0.14179960070462116
  ],
  "interruption_reason": "periodic_save",
  "timestamp": "20250814_021336"
}