{
  "generations": [
    0
  ],
  "best_scores": [
    8.0
  ],
  "mean_scores": [
    0.6666666666666666
  ],
  "std_scores": [
    1.9972202905260321
  ],
  "noise_levels": [
    0.95
  ],
  "elite_scores": [
    [
      8.0,
      1.5,
      0.5,
      0.0,
      0.0
    ]
  ],
  "population_diversity": [
    1.9972202905260321
  ],
  "weight_evolution": [
    [
      -0.0864663291446286,
      -0.13189484139973456,
      0.12388827157730486,
      -0.8835916745593551,
      0.052860033647414914,
      -0.21328055811412402
    ]
  ],
  "convergence_metrics": [],
  "errors": [],
  "game_times": [
    0.3155707041422526
  ],
  "parallel_efficiency": [
    3.3355328303319576
  ],
  "total_training_time": 0
}