{
  "feature_set": "dellacherie",
  "population_size": 15,
  "elite_size": 5,
  "noise_std": 0.95,
  "noise_decay": 0.95,
  "n_processes": 8,
  "current_generation": 0,
  "mean": [
    -0.0864663291446286,
    -0.13189484139973456,
    0.12388827157730486,
    -0.8835916745593551,
    0.052860033647414914,
    -0.21328055811412402
  ],
  "std": [
    0.5689345251554719,
    0.3496682419259307,
    1.1813661311316257,
    0.24764526011074578,
    1.1670556244049737,
    1.0453510190944
  ],
  "interruption_reason": "periodic_save",
  "timestamp": "20250814_132158"
}