{
  "feature_set": "dellacherie",
  "population_size": 15,
  "elite_size": 5,
  "noise_std": 0.6634204312890623,
  "noise_decay": 0.95,
  "n_processes": 8,
  "current_generation": 7,
  "mean": [
    0.5743143009539796,
    -0.6506462408586045,
    -0.7002385849911266,
    -0.105013317312977,
    -0.8596429278138359,
    -0.1627378603931926
  ],
  "std": [
    0.2255711315538016,
    0.11282711558725664,
    0.11212424212044333,
    0.1322915265213194,
    0.1,
    0.1
  ],
  "interruption_reason": "completed",
  "timestamp": "20250814_134645"
}