{
  "feature_set": "dellacherie",
  "population_size": 20,
  "elite_size": 8,
  "noise_std": 0.9322301194154049,
  "noise_decay": 0.995,
  "n_processes": 16,
  "current_generation": 13,
  "mean": [
    1.0838029629287185,
    -0.21131537498107633,
    -1.0726526350861085,
    0.05492711161530116,
    -1.1046616432663443,
    -0.6327495014245488
  ],
  "std": [
    0.14351386202128308,
    0.1,
    0.11181039546504151,
    0.1,
    0.1,
    0.1
  ],
  "interruption_reason": "periodic_save",
  "timestamp": "20250814_030044"
}