{
  "feature_set": "dellacherie",
  "population_size": 15,
  "elite_size": 5,
  "noise_std": 0.95,
  "noise_decay": 0.95,
  "n_processes": 8,
  "current_generation": 0,
  "mean": [
    -0.36748749155768906,
    0.35497702076145643,
    -0.5754780658783026,
    1.045138164083769,
    -0.15532042018880549,
    0.7065229146626577
  ],
  "std": [
    0.8057679419280565,
    0.9399548707204777,
    0.8212159939224787,
    1.3177453176370006,
    1.073973304788951,
    1.309644976928612
  ],
  "interruption_reason": "periodic_save",
  "timestamp": "20250814_124010"
}