{
  "generations": [
    0
  ],
  "best_scores": [
    2.5
  ],
  "mean_scores": [
    0.3333333333333333
  ],
  "std_scores": [
    0.8498365855987973
  ],
  "noise_levels": [
    0.95
  ],
  "elite_scores": [
    [
      2.5,
      2.5,
      0.0,
      0.0,
      0.0
    ]
  ],
  "population_diversity": [
    0.8498365855987973
  ],
  "weight_evolution": [
    [
      -0.36748749155768906,
      0.35497702076145643,
      -0.5754780658783026,
      1.045138164083769,
      -0.15532042018880549,
      0.7065229146626577
    ]
  ],
  "convergence_metrics": [],
  "errors": [],
  "game_times": [
    0.3567583799362183
  ],
  "parallel_efficiency": [
    4.651792973595284
  ],
  "total_training_time": 0
}