{
  "feature_set": "dellacherie",
  "population_size": 15,
  "elite_size": 5,
  "noise_std": 0.8145062499999999,
  "noise_decay": 0.95,
  "n_processes": 8,
  "current_generation": 3,
  "mean": [
    0.7656557305435502,
    -0.36618159594883487,
    -1.4450210438194122,
    0.09989337591518901,
    -0.7332750221341516,
    -0.13492687832781733
  ],
  "std": [
    1.6085793791530174,
    0.30592029396707815,
    0.6120276039677095,
    0.18049438163989073,
    0.1,
    0.25115113172570885
  ],
  "interruption_reason": "periodic_save",
  "timestamp": "20250814_134611"
}