{
  "feature_set": "dellacherie",
  "population_size": 15,
  "elite_size": 5,
  "noise_std": 0.9025,
  "noise_decay": 0.95,
  "n_processes": 8,
  "current_generation": 2,
  "mean": [
    -0.0706148365875459,
    0.03021080094997298,
    -0.7488459193289108,
    -0.48974703917888984,
    -1.167656131898038,
    -0.02346549837524444
  ],
  "std": [
    0.6869110955846232,
    0.9695431416030293,
    0.3981490565758983,
    0.5632446787095524,
    0.3822368018854634,
    0.182958552292018
  ],
  "interruption_reason": "periodic_save",
  "timestamp": "20250814_134727"
}