{
  "generations": [
    1,
    2
  ],
  "best_scores": [
    2.5,
    65.0
  ],
  "mean_scores": [
    0.3,
    8.833333333333334
  ],
  "std_scores": [
    0.6782329983125268,
    17.369193674114204
  ],
  "noise_levels": [
    0.95,
    0.9025
  ],
  "elite_scores": [
    [
      2.5,
      1.0,
      1.0,
      0.0,
      0.0
    ],
    [
      65.0,
      30.5,
      21.5,
      7.5,
      3.0
    ]
  ],
  "population_diversity": [
    0.6782329983125268,
    17.369193674114204
  ],
  "weight_evolution": [
    [
      -0.34783614267157537,
      0.3763319746707801,
      -0.4561144721911897,
      -0.519999172010996,
      -0.7207302427551993,
      0.25522771076586326
    ],
    [
      -0.0706148365875459,
      0.03021080094997298,
      -0.7488459193289108,
      -0.48974703917888984,
      -1.167656131898038,
      -0.02346549837524444
    ]
  ],
  "convergence_metrics": [],
  "errors": [],
  "game_times": [
    0.3826428413391113,
    0.8276765823364258
  ],
  "parallel_efficiency": [
    4.510061448536851,
    3.7516973284932633
  ],
  "total_training_time": 0
}