{
  "feature_set": "dellacherie",
  "population_size": 20,
  "elite_size": 8,
  "noise_std": 0.9511101304657719,
  "noise_decay": 0.995,
  "n_processes": 16,
  "current_generation": 9,
  "mean": [
    1.2419677912967675,
    -0.15786660047436835,
    -1.0552236765516467,
    -0.04885885273497296,
    -1.1353905532556832,
    -0.6437706364317909
  ],
  "std": [
    0.1860027560632712,
    0.2654897859021124,
    0.23423273822652074,
    0.1288613421118396,
    0.11402316585187602,
    0.13801124270082685
  ],
  "interruption_reason": "periodic_save",
  "timestamp": "20250814_022626"
}