{
  "feature_set": "dellacherie",
  "population_size": 15,
  "elite_size": 5,
  "noise_std": 0.6634204312890623,
  "noise_decay": 0.95,
  "n_processes": 8,
  "current_generation": 7,
  "mean": [
    1.1638184931811546,
    -0.2451076918218925,
    -0.11354854935683323,
    0.19670069361482448,
    -1.1413898071187074,
    -0.4567643281442294
  ],
  "std": [
    0.1,
    0.1,
    0.10987843524201772,
    0.1,
    0.1228072572323157,
    0.1
  ],
  "interruption_reason": "completed",
  "timestamp": "20250814_125808"
}