{
  "feature_set": "dellacherie",
  "population_size": 20,
  "elite_size": 4,
  "noise_std": 0.7737809374999999,
  "noise_decay": 0.95,
  "n_processes": 8,
  "current_generation": 4,
  "mean": [
    -0.49073801443837745,
    1.2633274342028373,
    -0.17379865930494648,
    0.24528045128281645,
    -2.754807384422607,
    -0.4087629704271968
  ],
  "std": [
    0.1,
    0.30844301317675177,
    0.11666787622660539,
    0.18165665517655344,
    0.38500280492026656,
    0.1
  ],
  "interruption_reason": "periodic_save",
  "timestamp": "20250814_112055"
}