{
  "feature_set": "dellacherie",
  "population_size": 15,
  "elite_size": 5,
  "noise_std": 0.6634204312890623,
  "noise_decay": 0.95,
  "n_processes": 8,
  "current_generation": 7,
  "mean": [
    0.08898659623940361,
    0.6391133991821963,
    -0.29780964008331423,
    0.1349163562312619,
    -2.600470969080047,
    -0.24489394765487277
  ],
  "std": [
    0.1,
    0.1,
    0.17142046422795743,
    0.2679827432638947,
    0.6208582424513188,
    0.1
  ],
  "interruption_reason": "completed",
  "timestamp": "20250814_132018"
}