{
  "feature_set": "dellacherie",
  "population_size": 20,
  "elite_size": 8,
  "noise_std": 0.995,
  "noise_decay": 0.995,
  "n_processes": 16,
  "current_generation": 0,
  "mean": [
    -0.08168940382826312,
    0.33279858549273833,
    -0.23881950029051158,
    -0.32065650355101366,
    -0.2143531325161904,
    -0.1884904439728146
  ],
  "std": [
    0.4453788375381891,
    0.9054941546688635,
    0.8029939641069461,
    1.2200860343380513,
    0.8592491306786172,
    0.7720312843539225
  ],
  "interruption_reason": "periodic_save",
  "timestamp": "20250814_003057"
}