{
  "generations": [
    0,
    1
  ],
  "best_scores": [
    1.0,
    0.5
  ],
  "mean_scores": [
    0.06666666666666667,
    0.03333333333333333
  ],
  "std_scores": [
    0.24944382578492943,
    0.12472191289246472
  ],
  "noise_levels": [
    0.95,
    0.9025
  ],
  "elite_scores": [
    [
      1.0,
      0.0,
      0.0,
      0.0,
      0.0
    ],
    [
      0.5,
      0.0,
      0.0,
      0.0,
      0.0
    ]
  ],
  "population_diversity": [
    0.24944382578492943,
    0.12472191289246472
  ],
  "weight_evolution": [
    [
      0.4594199800368924,
      -0.5962293490238123,
      -0.06239570034327491,
      -0.6930557343574765,
      -0.15342660141171827,
      0.18156667768516127
    ],
    [
      0.19546305196158203,
      0.37353415785421795,
      -0.46075811662655053,
      -0.7442108864425285,
      -0.11269061632400001,
      0.3572734602961312
    ]
  ],
  "convergence_metrics": [],
  "errors": [],
  "game_times": [
    0.32643884817759194,
    0.28987964789072673
  ],
  "parallel_efficiency": [
    4.204783125471721,
    4.174671745894549
  ],
  "total_training_time": 0
}