{
  "feature_set": "dellacherie",
  "population_size": 15,
  "elite_size": 5,
  "noise_std": 0.9025,
  "noise_decay": 0.95,
  "n_processes": 8,
  "current_generation": 1,
  "mean": [
    0.19546305196158203,
    0.37353415785421795,
    -0.46075811662655053,
    -0.7442108864425285,
    -0.11269061632400001,
    0.3572734602961312
  ],
  "std": [
    0.43722164671158686,
    0.1,
    0.6678747380722089,
    0.5744026013583304,
    0.8958399106048394,
    1.4247438685021916
  ],
  "interruption_reason": "periodic_save",
  "timestamp": "20250814_132053"
}