{
  "feature_set": "dellacherie",
  "population_size": 15,
  "elite_size": 5,
  "noise_std": 0.95,
  "noise_decay": 0.95,
  "n_processes": 8,
  "current_generation": 0,
  "mean": [
    0.00010627399088929124,
    -0.36316051440241687,
    0.0954474692046194,
    0.292840456399367,
    -0.4792191208215554,
    -0.3367980432011872
  ],
  "std": [
    0.8653695063689171,
    0.8134390611503344,
    1.8938005415078205,
    0.7093921256531712,
    0.600722032689407,
    0.894335880451214
  ],
  "interruption_reason": "periodic_save",
  "timestamp": "20250814_134557"
}