{
  "generations": [
    0
  ],
  "best_scores": [
    3.0
  ],
  "mean_scores": [
    0.4666666666666667
  ],
  "std_scores": [
    1.0241527663824812
  ],
  "noise_levels": [
    0.95
  ],
  "elite_scores": [
    [
      3.0,
      3.0,
      1.0,
      0.0,
      0.0
    ]
  ],
  "population_diversity": [
    1.0241527663824812
  ],
  "weight_evolution": [
    [
      0.00010627399088929124,
      -0.36316051440241687,
      0.0954474692046194,
      0.292840456399367,
      -0.4792191208215554,
      -0.3367980432011872
    ]
  ],
  "convergence_metrics": [],
  "errors": [],
  "game_times": [
    0.3895114501317342
  ],
  "parallel_efficiency": [
    4.428690031890584
  ],
  "total_training_time": 0
}