{
  "feature_set": "dellacherie",
  "population_size": 18,
  "elite_size": 4,
  "noise_std": 1.056,
  "noise_decay": 0.96,
  "n_processes": 8,
  "current_generation": 0,
  "mean": [
    -0.3283453888634444,
    -0.6084803318697911,
    -0.3661098661938331,
    -0.14935143949221272,
    -0.21329311326321776,
    0.39705960153812897
  ],
  "std": [
    1.0364476294722254,
    0.7672176436872463,
    0.6632212129565742,
    0.5394898979509206,
    0.681342350438853,
    0.8462517902888423
  ],
  "interruption_reason": "periodic_save",
  "timestamp": "20250814_120351"
}