{
  "generations": [
    0
  ],
  "best_scores": [
    3.0
  ],
  "mean_scores": [
    0.16666666666666666
  ],
  "std_scores": [
    0.6871842709362769
  ],
  "noise_levels": [
    1.056
  ],
  "elite_scores": [
    [
      3.0,
      0.0,
      0.0,
      0.0
    ]
  ],
  "population_diversity": [
    0.6871842709362769
  ],
  "weight_evolution": [
    [
      -0.3283453888634444,
      -0.6084803318697911,
      -0.3661098661938331,
      -0.14935143949221272,
      -0.21329311326321776,
      0.39705960153812897
    ]
  ],
  "convergence_metrics": [],
  "errors": [],
  "game_times": [
    0.29424413045247394
  ],
  "parallel_efficiency": [
    4.701652617596936
  ],
  "total_training_time": 0
}