{
  "generations": [
    0,
    1
  ],
  "best_scores": [
    12.333333333333334,
    23.333333333333332
  ],
  "mean_scores": [
    0.6166666666666667,
    1.8166666666666669
  ],
  "std_scores": [
    2.6879876818500827,
    5.5130904823580265
  ],
  "noise_levels": [
    0.95,
    0.9025
  ],
  "elite_scores": [
    [
      12.333333333333334,
      0.0,
      0.0,
      0.0
    ],
    [
      23.333333333333332,
      11.333333333333334,
      0.6666666666666666,
      0.6666666666666666
    ]
  ],
  "population_diversity": [
    2.6879876818500827,
    5.5130904823580265
  ],
  "weight_evolution": [
    [
      0.2912497178200898,
      0.44830148843790446,
      0.25927828523937185,
      -0.283678201539322,
      -0.15359787665548102,
      -0.5328166235249743
    ],
    [
      0.09291461810609487,
      1.0649875420060564,
      0.013774912843082299,
      -0.07134133488903141,
      -1.3535061151467818,
      -0.11784601147475732
    ]
  ],
  "convergence_metrics": [],
  "errors": [],
  "game_times": [
    0.31391704877217613,
    0.37545129458109533
  ],
  "parallel_efficiency": [
    4.73905541042747,
    4.42324179304618
  ],
  "total_training_time": 0
}