{
  "feature_set": "dellacherie",
  "population_size": 20,
  "elite_size": 4,
  "noise_std": 0.9025,
  "noise_decay": 0.95,
  "n_processes": 8,
  "current_generation": 1,
  "mean": [
    0.09291461810609487,
    1.0649875420060564,
    0.013774912843082299,
    -0.07134133488903141,
    -1.3535061151467818,
    -0.11784601147475732
  ],
  "std": [
    0.7585870028834903,
    0.9713247049057008,
    0.7096606639605559,
    0.4386143887333465,
    0.7724887760771049,
    0.3486147491966076
  ],
  "interruption_reason": "periodic_save",
  "timestamp": "20250814_111715"
}