{
  "feature_set": "dellacherie",
  "population_size": 15,
  "elite_size": 5,
  "noise_std": 0.8145062499999999,
  "noise_decay": 0.95,
  "n_processes": 8,
  "current_generation": 3,
  "mean": [
    0.2573651844089643,
    -0.46236507535129867,
    -1.534056888548767,
    -0.16987168658943458,
    -1.93902972802287,
    -0.1651970556699331
  ],
  "std": [
    0.1,
    0.453287000359458,
    0.38079086905742526,
    0.1,
    0.1301309178727791,
    0.24322483576459997
  ],
  "interruption_reason": "periodic_save",
  "timestamp": "20250814_110742"
}