{
  "feature_set": "dellacherie",
  "population_size": 20,
  "elite_size": 8,
  "noise_std": 0.985074875,
  "noise_decay": 0.995,
  "n_processes": 16,
  "current_generation": 2,
  "mean": [
    0.5933202136537393,
    0.41993141829690145,
    -1.016305480070282,
    -0.15202461048154117,
    -0.4274988031486224,
    -0.8155269206228872
  ],
  "std": [
    0.41071378492564015,
    0.6500123160847813,
    0.3802940720650272,
    0.7504926363078097,
    0.4724781307190867,
    0.341646036423988
  ],
  "interruption_reason": "periodic_save",
  "timestamp": "20250814_005837"
}