{
  "generations": [
    0,
    1,
    2
  ],
  "best_scores": [
    12.4,
    11.8,
    7.8
  ],
  "mean_scores": [
    1.1400000000000001,
    1.0,
    1.3699999999999999
  ],
  "std_scores": [
    3.37585544714225,
    2.750999818247904,
    2.205697168697462
  ],
  "noise_levels": [
    0.995,
    0.990025,
    0.985074875
  ],
  "elite_scores": [
    [
      12.4,
      10.0,
      0.4,
      0.0,
      0.0,
      0.0,
      0.0,
      0.0
    ],
    [
      11.8,
      4.2,
      3.8,
      0.2,
      0.0,
      0.0,
      0.0,
      0.0
    ],
    [
      7.8,
      6.0,
      4.6,
      3.0,
      1.6,
      1.6,
      1.2,
      0.8
    ]
  ],
  "population_diversity": [
    3.37585544714225,
    2.750999818247904,
    2.205697168697462
  ],
  "weight_evolution": [
    [
      0.21983164190367097,
      -0.14320254366654955,
      -0.07403894005729564,
      0.393294544292763,
      -0.10719381343503682,
      -0.2184587172795691
    ],
    [
      0.271425597433558,
      0.550544115691544,
      -0.4614967192177598,
      0.35566071668689203,
      0.01673711798054813,
      -0.6655150311646095
    ],
    [
      0.5933202136537393,
      0.41993141829690145,
      -1.016305480070282,
      -0.15202461048154117,
      -0.4274988031486224,
      -0.8155269206228872
    ]
  ],
  "convergence_metrics": [],
  "errors": [],
  "game_times": [
    5.496508169174194,
    6.280326278209687,
    7.952703161239624
  ],
  "parallel_efficiency": [
    9.738128694356663,
    9.383523085409934,
    12.829601110562544
  ],
  "total_training_time": 0
}