{
  "feature_set": "dellacherie",
  "population_size": 20,
  "elite_size": 8,
  "noise_std": 0.995,
  "noise_decay": 0.995,
  "n_processes": 16,
  "current_generation": 0,
  "mean": [
    0.21983164190367097,
    -0.14320254366654955,
    -0.07403894005729564,
    0.393294544292763,
    -0.10719381343503682,
    -0.2184587172795691
  ],
  "std": [
    0.5129645780996189,
    0.6976121139114941,
    0.9681181658194387,
    0.7148085031943199,
    1.0900282256570746,
    0.7368780344720169
  ],
  "interruption_reason": "periodic_save",
  "timestamp": "20250814_005628"
}