{
  "generations": [
    0
  ],
  "best_scores": [
    12.4
  ],
  "mean_scores": [
    1.1400000000000001
  ],
  "std_scores": [
    3.37585544714225
  ],
  "noise_levels": [
    0.995
  ],
  "elite_scores": [
    [
      12.4,
      10.0,
      0.4,
      0.0,
      0.0,
      0.0,
      0.0,
      0.0
    ]
  ],
  "population_diversity": [
    3.37585544714225
  ],
  "weight_evolution": [
    [
      0.21983164190367097,
      -0.14320254366654955,
      -0.07403894005729564,
      0.393294544292763,
      -0.10719381343503682,
      -0.2184587172795691
    ]
  ],
  "convergence_metrics": [],
  "errors": [],
  "game_times": [
    5.496508169174194
  ],
  "parallel_efficiency": [
    9.738128694356663
  ],
  "total_training_time": 0
}