{
  "feature_set": "dellacherie",
  "population_size": 20,
  "elite_size": 8,
  "noise_std": 0.9752487531218751,
  "noise_decay": 0.995,
  "n_processes": 16,
  "current_generation": 4,
  "mean": [
    1.0136648298713302,
    0.08055790122416605,
    -0.9587364820998379,
    -0.30061905063993943,
    -0.8484971120739486,
    -0.729363109810296
  ],
  "std": [
    0.3754586162602166,
    0.9394818712849747,
    0.32166891584413776,
    0.36927619574702997,
    0.3516274566688394,
    0.17041037339921125
  ],
  "interruption_reason": "periodic_save",
  "timestamp": "20250814_011228"
}