{
  "feature_set": "dellacherie",
  "population_size": 15,
  "elite_size": 5,
  "noise_std": 0.6983372960937497,
  "noise_decay": 0.95,
  "n_processes": 8,
  "current_generation": 7,
  "mean": [
    -0.017191467246342157,
    0.42789001976158636,
    -0.39390600760909533,
    -0.3350597678658554,
    -0.8788167574386057,
    -0.331705436822678
  ],
  "std": [
    0.1,
    0.1,
    0.14570244726549486,
    0.1,
    0.11516637555135348,
    0.1
  ],
  "interruption_reason": "completed",
  "timestamp": "20250814_132125"
}