{
  "generations": [
    0,
    1,
    2,
    4,
    5,
    6,
    7
  ],
  "best_scores": [
    1.0,
    0.5,
    6.0,
    5.5,
    27.5,
    65.0,
    134.5
  ],
  "mean_scores": [
    0.06666666666666667,
    0.03333333333333333,
    0.4,
    0.7333333333333333,
    2.7666666666666666,
    10.2,
    23.6
  ],
  "std_scores": [
    0.24944382578492943,
    0.12472191289246472,
    1.4966629547095762,
    1.492946378437246,
    6.91102179292051,
    16.398983708348105,
    33.29124008904845
  ],
  "noise_levels": [
    0.95,
    0.9025,
    0.8573749999999999,
    0.8145062499999999,
    0.7737809374999999,
    0.7350918906249998,
    0.6983372960937497
  ],
  "elite_scores": [
    [
      1.0,
      0.0,
      0.0,
      0.0,
      0.0
    ],
    [
      0.5,
      0.0,
      0.0,
      0.0,
      0.0
    ],
    [
      6.0,
      0.0,
      0.0,
      0.0,
      0.0
    ],
    [
      5.5,
      2.5,
      2.0,
      1.0,
      0.0
    ],
    [
      27.5,
      8.0,
      2.5,
      2.0,
      0.5
    ],
    [
      65.0,
      27.0,
      13.5,
      13.0,
      12.5
    ],
    [
      134.5,
      48.5,
      45.5,
      38.0,
      16.0
    ]
  ],
  "population_diversity": [
    0.24944382578492943,
    0.12472191289246472,
    1.4966629547095762,
    1.492946378437246,
    6.91102179292051,
    16.398983708348105,
    33.29124008904845
  ],
  "weight_evolution": [
    [
      0.4594199800368924,
      -0.5962293490238123,
      -0.06239570034327491,
      -0.6930557343574765,
      -0.15342660141171827,
      0.18156667768516127
    ],
    [
      0.19546305196158203,
      0.37353415785421795,
      -0.46075811662655053,
      -0.7442108864425285,
      -0.11269061632400001,
      0.3572734602961312
    ],
    [
      -0.1381218157619294,
      0.4360439252581837,
      -0.24866725648050308,
      -0.5958820004900387,
      0.15837840830855687,
      -0.18878392570096253
    ],
    [
      -0.060588881164910104,
      0.44605763318027725,
      -0.48977300148774816,
      -0.6093196921883116,
      -0.6151681540181922,
      0.10518500517678149
    ],
    [
      -0.14513093285077586,
      0.3769724256382788,
      -0.440092357471923,
      -0.33202592611947984,
      -0.7209557240497763,
      -0.7268389699004938
    ],
    [
      -0.06442932171754309,
      0.3855994915216026,
      -0.4443320706191153,
      -0.3011763194929474,
      -0.8524178191792672,
      -0.4646125507926566
    ],
    [
      -0.017191467246342157,
      0.42789001976158636,
      -0.39390600760909533,
      -0.3350597678658554,
      -0.8788167574386057,
      -0.331705436822678
    ]
  ],
  "convergence_metrics": [],
  "errors": [],
  "game_times": [
    0.32643884817759194,
    0.28987964789072673,
    0.31903055508931477,
    0.38170214494069415,
    0.5346359888712565,
    1.0330276807149252,
    1.7605873028437296
  ],
  "parallel_efficiency": [
    4.204783125471721,
    4.174671745894549,
    3.4370867158726877,
    4.169327986300986,
    3.9524396656516205,
    3.9909284912981247,
    4.265314684022135
  ],
  "total_training_time": 36.47671818733215,
  "interruption_point": {
    "generation": 7,
    "reason": "completed"
  }
}