{
  "generations": [
    1,
    2,
    3,
    4,
    5,
    6
  ],
  "best_scores": [
    2.5,
    65.0,
    180.0,
    270.5,
    238.5,
    203.0
  ],
  "mean_scores": [
    0.3,
    8.833333333333334,
    35.4,
    94.4,
    102.26666666666667,
    73.9
  ],
  "std_scores": [
    0.6782329983125268,
    17.369193674114204,
    62.58626047304632,
    75.2199441637655,
    81.43174374216046,
    58.688215739334474
  ],
  "noise_levels": [
    0.95,
    0.9025,
    0.8573749999999999,
    0.8145062499999999,
    0.7737809374999999,
    0.7350918906249998
  ],
  "elite_scores": [
    [
      2.5,
      1.0,
      1.0,
      0.0,
      0.0
    ],
    [
      65.0,
      30.5,
      21.5,
      7.5,
      3.0
    ],
    [
      180.0,
      165.0,
      126.5,
      43.0,
      6.5
    ],
    [
      270.5,
      180.0,
      176.5,
      147.0,
      129.0
    ],
    [
      238.5,
      231.0,
      208.5,
      205.5,
      163.0
    ],
    [
      203.0,
      159.0,
      141.5,
      134.0,
      110.0
    ]
  ],
  "population_diversity": [
    0.6782329983125268,
    17.369193674114204,
    62.58626047304632,
    75.2199441637655,
    81.43174374216046,
    58.688215739334474
  ],
  "weight_evolution": [
    [
      -0.34783614267157537,
      0.3763319746707801,
      -0.4561144721911897,
      -0.519999172010996,
      -0.7207302427551993,
      0.25522771076586326
    ],
    [
      -0.0706148365875459,
      0.03021080094997298,
      -0.7488459193289108,
      -0.48974703917888984,
      -1.167656131898038,
      -0.02346549837524444
    ],
    [
      -0.21539295494529878,
      -0.43374116633770265,
      -0.49505552889889815,
      -0.31993182189368385,
      -1.372943593713239,
      -0.05121722368945834
    ],
    [
      0.3463018836968509,
      0.06192590353680917,
      -0.694734065574403,
      -0.3381251906539312,
      -1.5437647999281705,
      -0.06792139745710225
    ],
    [
      0.33144275975023924,
      -0.09773022130060771,
      -0.7352778185155968,
      -0.44723830737638937,
      -1.8251386008220565,
      -0.07029480344801436
    ],
    [
      0.39239805996605936,
      -0.014701708292998949,
      -0.6618313649606035,
      -0.37698317332515463,
      -1.8710488060921033,
      -0.07090563958273152
    ]
  ],
  "convergence_metrics": [],
  "errors": [],
  "game_times": [
    0.3826428413391113,
    0.8276765823364258,
    2.9505052963892617,
    8.162302684783935,
    5.969325915972392,
    5.9687766313552855
  ],
  "parallel_efficiency": [
    4.510061448536851,
    3.7516973284932633,
    2.8479370201703507,
    5.971660619528194,
    5.528406797809688,
    4.546656422241191
  ],
  "total_training_time": 0
}