{
  "feature_set": "dellacherie",
  "population_size": 15,
  "elite_size": 5,
  "noise_std": 0.7350918906249998,
  "noise_decay": 0.95,
  "n_processes": 8,
  "current_generation": 6,
  "mean": [
    0.39239805996605936,
    -0.014701708292998949,
    -0.6618313649606035,
    -0.37698317332515463,
    -1.8710488060921033,
    -0.07090563958273152
  ],
  "std": [
    0.3056731967313699,
    1.069165328498045,
    0.1,
    0.14406452462467328,
    0.1,
    0.10752781120464164
  ],
  "interruption_reason": "periodic_save",
  "timestamp": "20250814_134951"
}