{
  "generations": [
    0,
    1,
    2,
    3,
    4,
    5,
    6,
    7
  ],
  "best_scores": [
    4.5,
    24.0,
    51.5,
    93.0,
    63.5,
    57.5,
    73.0,
    148.0
  ],
  "mean_scores": [
    0.35714285714285715,
    5.517857142857143,
    15.017857142857142,
    29.25,
    30.428571428571427,
    30.696428571428573,
    29.392857142857142,
    46.30357142857143
  ],
  "std_scores": [
    0.9435603438302076,
    7.077986677591535,
    13.83285564907562,
    15.538259233260334,
    12.041382726214778,
    11.99727594506523,
    17.547057721848343,
    36.79949031229778
  ],
  "noise_levels": [
    1.274,
    1.24852,
    1.2235496000000001,
    1.1990786080000002,
    1.1750970358400001,
    1.1515950951232001,
    1.128563193220736,
    1.1059919293563214
  ],
  "elite_scores": [
    [
      4.5,
      2.5,
      1.0
    ],
    [
      24.0,
      21.5,
      18.5
    ],
    [
      51.5,
      47.5,
      33.5
    ],
    [
      93.0,
      56.5,
      45.0
    ],
    [
      63.5,
      53.0,
      50.0
    ],
    [
      57.5,
      55.5,
      45.0
    ],
    [
      73.0,
      64.5,
      60.0
    ],
    [
      148.0,
      131.0,
      108.5
    ]
  ],
  "population_diversity": [
    0.9435603438302076,
    7.077986677591535,
    13.83285564907562,
    15.538259233260334,
    12.041382726214778,
    11.99727594506523,
    17.547057721848343,
    36.79949031229778
  ],
  "weight_evolution": [
    [
      -0.19143295991264653,
      -0.7604743069227983,
      -1.5377561928812502,
      -0.09569376174271267,
      -1.281306849994235,
      -0.9861517007505337
    ],
    [
      1.3716066071511965,
      -0.9379875054810078,
      -1.5322609047363216,
      -0.42462503907023663,
      -1.6674084194366838,
      -1.1627037578220976
    ],
    [
      1.5207956245283265,
      -0.6127797698778038,
      -1.5977233040390175,
      -0.19650876408955786,
      -1.939627681920464,
      -0.35827362172364224
    ],
    [
      1.6080217473059948,
      -0.29330754970900735,
      -1.527976520485996,
      -0.18830273270567932,
      -2.0826328357396546,
      -0.39223719379405425
    ],
    [
      0.9926712313729787,
      -1.214781643709127,
      -1.5824002290568355,
      -0.19625154217653193,
      -2.0974678845902166,
      -0.3647946005954734
    ],
    [
      0.9878421758833559,
      -1.758013092799091,
      -1.6461247507661794,
      -0.20152899343198125,
      -2.030452426320673,
      -0.22276627191403878
    ],
    [
      1.005863796144178,
      -1.7176220761411216,
      -1.646346450306002,
      -0.6788014999803371,
      -2.0030788309739305,
      -0.1619787302941791
    ],
    [
      0.9694236199654555,
      -1.756180398900694,
      -1.6235690526918638,
      -0.8659247339678803,
      -1.9910594901695944,
      -0.10255114371110387
    ]
  ],
  "convergence_metrics": [],
  "errors": [],
  "game_times": [
    0.31317763669150217,
    0.7848289949553353,
    1.1824956664017268,
    1.9445375033787318,
    2.034635982343129,
    1.86863597376006,
    2.27608762042863,
    3.33129592026983
  ],
  "parallel_efficiency": [
    4.925207692430273,
    6.749633146716013,
    6.955865236841345,
    7.114685797885831,
    6.83976362655041,
    6.810143846241274,
    6.61395907531271,
    6.3732956764518445
  ],
  "total_training_time": 0
}