{
  "generations": [
    0
  ],
  "best_scores": [
    12.333333333333334
  ],
  "mean_scores": [
    0.6166666666666667
  ],
  "std_scores": [
    2.6879876818500827
  ],
  "noise_levels": [
    0.95
  ],
  "elite_scores": [
    [
      12.333333333333334,
      0.0,
      0.0,
      0.0
    ]
  ],
  "population_diversity": [
    2.6879876818500827
  ],
  "weight_evolution": [
    [
      0.2912497178200898,
      0.44830148843790446,
      0.25927828523937185,
      -0.283678201539322,
      -0.15359787665548102,
      -0.5328166235249743
    ]
  ],
  "convergence_metrics": [],
  "errors": [],
  "game_times": [
    0.31391704877217613
  ],
  "parallel_efficiency": [
    4.73905541042747
  ],
  "total_training_time": 0
}