{
  "feature_set": "dellacherie",
  "population_size": 20,
  "elite_size": 4,
  "noise_std": 0.95,
  "noise_decay": 0.95,
  "n_processes": 8,
  "current_generation": 0,
  "mean": [
    0.2912497178200898,
    0.44830148843790446,
    0.25927828523937185,
    -0.283678201539322,
    -0.15359787665548102,
    -0.5328166235249743
  ],
  "std": [
    0.6829820810439761,
    1.2705175925313994,
    0.8505317583410689,
    1.798713860163867,
    1.3609539293350545,
    0.5376993045579236
  ],
  "interruption_reason": "periodic_save",
  "timestamp": "20250814_111710"
}