{
  "feature_set": "dellacherie",
  "population_size": 15,
  "elite_size": 5,
  "noise_std": 0.6983372960937497,
  "noise_decay": 0.95,
  "n_processes": 8,
  "current_generation": 7,
  "mean": [
    0.48210174254962485,
    -0.032253893550415996,
    -0.6895301312224182,
    -0.31715900543738945,
    -1.8859902040473382,
    -0.13182571316564
  ],
  "std": [
    0.34135891201776186,
    0.9839662645286319,
    0.1,
    0.13963397846086856,
    0.1,
    0.1
  ],
  "interruption_reason": "completed",
  "timestamp": "20250814_135031"
}