{
  "generations": [
    0,
    1,
    2,
    3
  ],
  "best_scores": [
    3.5,
    7.5,
    5.5,
    21.0
  ],
  "mean_scores": [
    0.3,
    0.7,
    0.8666666666666667,
    4.466666666666667
  ],
  "std_scores": [
    0.8717797887081347,
    1.92180470738661,
    1.6275407487644935,
    5.149325737954005
  ],
  "noise_levels": [
    0.95,
    0.9025,
    0.8573749999999999,
    0.8145062499999999
  ],
  "elite_scores": [
    [
      3.5,
      0.5,
      0.5,
      0.0,
      0.0
    ],
    [
      7.5,
      2.5,
      0.5,
      0.0,
      0.0
    ],
    [
      5.5,
      3.5,
      2.5,
      1.5,
      0.0
    ],
    [
      21.0,
      9.5,
      6.5,
      5.5,
      4.5
    ]
  ],
  "population_diversity": [
    0.8717797887081347,
    1.92180470738661,
    1.6275407487644935,
    5.149325737954005
  ],
  "weight_evolution": [
    [
      -0.4008269977461142,
      -0.4204093354629704,
      -0.422383590425388,
      -0.41659510193644184,
      -0.5618310006237606,
      -0.258869401995424
    ],
    [
      -0.3217936322558283,
      -0.23474266576441288,
      -1.0635198053532926,
      -1.0951760757495363,
      -0.5030615698635368,
      -0.15472246590392463
    ],
    [
      -0.3729936067932003,
      -0.18039518569721694,
      -0.9154837284759576,
      -0.2741309512930199,
      -0.5231155837738362,
      -0.2699290387184023
    ],
    [
      -0.41812309347121507,
      -0.263384471713866,
      -1.4290679789542744,
      0.03310477010894176,
      -0.6714487580785666,
      0.11694448638588426
    ]
  ],
  "convergence_metrics": [],
  "errors": [],
  "game_times": [
    0.36805742581685386,
    0.41812453269958494,
    0.47900245189666746,
    0.697094202041626
  ],
  "parallel_efficiency": [
    4.498889468720748,
    4.589134446401787,
    4.954247779885505,
    5.451434642199289
  ],
  "total_training_time": 0
}