{
  "feature_set": "dellacherie",
  "population_size": 15,
  "elite_size": 5,
  "noise_std": 0.8145062499999999,
  "noise_decay": 0.95,
  "n_processes": 8,
  "current_generation": 3,
  "mean": [
    -0.41812309347121507,
    -0.263384471713866,
    -1.4290679789542744,
    0.03310477010894176,
    -0.6714487580785666,
    0.11694448638588426
  ],
  "std": [
    0.1,
    0.1,
    0.22417277679621664,
    0.23955962259888644,
    0.2156531050618604,
    0.28376977052424124
  ],
  "interruption_reason": "periodic_save",
  "timestamp": "20250814_131517"
}