{
  "feature_set": "dellacherie",
  "population_size": 28,
  "elite_size": 3,
  "noise_std": 1.062194648953811,
  "noise_decay": 0.98,
  "n_processes": 8,
  "current_generation": 9,
  "mean": [
    1.015615455433824,
    -1.6872998335133118,
    -1.4873871590868888,
    -0.8331810630661183,
    -1.9876517954716268,
    -0.06763381759108378
  ],
  "std": [
    0.2528320330007429,
    0.10189918155221006,
    0.1,
    0.1,
    0.1,
    0.1
  ],
  "interruption_reason": "periodic_save",
  "timestamp": "20250814_114337"
}