{
  "feature_set": "dellacherie",
  "population_size": 15,
  "elite_size": 5,
  "noise_std": 0.7737809374999999,
  "noise_decay": 0.95,
  "n_processes": 8,
  "current_generation": 7,
  "mean": [
    0.2972702529312404,
    -0.5703825505795297,
    -1.4414761394208608,
    0.7899619337221504,
    0.4747115625132981,
    -0.19872320725280013
  ],
  "std": [
    0.3289821673250362,
    0.9829485298454306,
    1.0759680906114664,
    0.1971917968150309,
    0.3547421717494084,
    0.1
  ],
  "interruption_reason": "completed",
  "timestamp": "20250814_132321"
}