{
  "feature_set": "dellacherie",
  "population_size": 15,
  "elite_size": 5,
  "noise_std": 0.7737809374999999,
  "noise_decay": 0.95,
  "n_processes": 8,
  "current_generation": 4,
  "mean": [
    -0.3809947980637027,
    -0.2998070296309687,
    -1.3757412770692334,
    0.18496974696567708,
    -0.8959007951808153,
    0.20728057322248797
  ],
  "std": [
    0.1,
    0.1,
    0.15995577186425836,
    0.17081812712202663,
    0.233909114765787,
    0.2420820252343463
  ],
  "interruption_reason": "periodic_save",
  "timestamp": "20250814_131521"
}