{
  "generations": [
    1,
    2,
    3,
    4,
    5,
    7
  ],
  "best_scores": [
    22.5,
    5.0,
    3.0,
    0.5,
    1.0,
    1.0
  ],
  "mean_scores": [
    1.5,
    0.3333333333333333,
    0.26666666666666666,
    0.03333333333333333,
    0.1,
    0.06666666666666667
  ],
  "std_scores": [
    5.612486080160912,
    1.2472191289246473,
    0.7717224601860151,
    0.12472191289246473,
    0.27080128015453203,
    0.24944382578492946
  ],
  "noise_levels": [
    0.95,
    0.9025,
    0.8573749999999999,
    0.8145062499999999,
    0.7737809374999999,
    0.7350918906249998
  ],
  "elite_scores": [
    [
      22.5,
      0.0,
      0.0,
      0.0,
      0.0
    ],
    [
      5.0,
      0.0,
      0.0,
      0.0,
      0.0
    ],
    [
      3.0,
      1.0,
      0.0,
      0.0,
      0.0
    ],
    [
      0.5,
      0.0,
      0.0,
      0.0,
      0.0
    ],
    [
      1.0,
      0.5,
      0.0,
      0.0,
      0.0
    ],
    [
      1.0,
      0.0,
      0.0,
      0.0,
      0.0
    ]
  ],
  "population_diversity": [
    5.612486080160912,
    1.2472191289246473,
    0.7717224601860151,
    0.12472191289246473,
    0.27080128015453203,
    0.24944382578492946
  ],
  "weight_evolution": [
    [
      0.06856650330952652,
      -0.4733759009883647,
      0.15201442979508029,
      -0.43386402995675394,
      0.11260845510383351,
      -0.6542961516728257
    ],
    [
      0.7928122722997514,
      -0.7985340510629038,
      -0.022790427184841634,
      0.8033042625459927,
      -0.24873122233586953,
      -0.9178909157946276
    ],
    [
      0.9256162892472023,
      -0.6473166344079644,
      0.3210919226779038,
      0.9388326582812276,
      -0.008434736940406574,
      -0.7969626525434943
    ],
    [
      0.9563903542331833,
      -0.5944708696169159,
      0.5913537508748432,
      1.0348322978300932,
      -0.2929171619256502,
      -0.5921959771514131
    ],
    [
      0.9570488135533463,
      -0.6491531143099055,
      0.787158592151614,
      1.4340599566198025,
      -0.7285498224637446,
      -0.4035085797360113
    ],
    [
      0.9936045115857123,
      -0.7034039630985532,
      0.8520013757265822,
      1.499658432318956,
      -0.8700181566667455,
      -0.4989209192146906
    ]
  ],
  "convergence_metrics": [],
  "errors": [],
  "game_times": [
    0.43590563933054605,
    0.30884304841359456,
    0.35109450817108157,
    0.35921789010365807,
    0.3987336874008179,
    0.35362996260325114
  ],
  "parallel_efficiency": [
    3.303974820466738,
    3.663053236148218,
    4.210724702051896,
    4.474911182557774,
    4.409395314901321,
    4.280006975447233
  ],
  "total_training_time": 21.216093063354492,
  "interruption_point": {
    "generation": 7,
    "reason": "completed"
  }
}