{
  "feature_set": "dellacherie",
  "population_size": 15,
  "elite_size": 5,
  "noise_std": 0.7350918906249998,
  "noise_decay": 0.95,
  "n_processes": 8,
  "current_generation": 7,
  "mean": [
    0.9936045115857123,
    -0.7034039630985532,
    0.8520013757265822,
    1.499658432318956,
    -0.8700181566667455,
    -0.4989209192146906
  ],
  "std": [
    0.33355614295736025,
    0.17426352558649477,
    0.1,
    0.7354898510817083,
    0.6319499770535686,
    1.0347218592952219
  ],
  "interruption_reason": "completed",
  "timestamp": "20250814_135318"
}