{
  "feature_set": "dellacherie",
  "population_size": 15,
  "elite_size": 5,
  "noise_std": 0.7350918906249998,
  "noise_decay": 0.95,
  "n_processes": 8,
  "current_generation": 5,
  "mean": [
    0.7205306131068429,
    -0.3791929527662311,
    -0.617082206138137,
    -0.689170462894047,
    -1.0017382613806594,
    -0.7333960197881
  ],
  "std": [
    0.5057407978766216,
    0.451998542248761,
    0.2542427047964298,
    0.1,
    0.26236494952526734,
    0.2929092384087139
  ],
  "interruption_reason": "periodic_save",
  "timestamp": "20250814_132217"
}