{
  "feature_set": "dellacherie",
  "population_size": 15,
  "elite_size": 5,
  "noise_std": 0.7350918906249998,
  "noise_decay": 0.95,
  "n_processes": 8,
  "current_generation": 5,
  "mean": [
    0.5647236808888525,
    -0.5986312795960377,
    0.011823243775851162,
    0.26952678329817253,
    -1.626346552259956,
    -0.37744730608291766
  ],
  "std": [
    0.6060562532909077,
    0.18859898910935563,
    0.1,
    0.1,
    0.1645521684376287,
    0.1
  ],
  "interruption_reason": "periodic_save",
  "timestamp": "20250814_135132"
}