{
  "feature_set": "dellacherie",
  "population_size": 15,
  "elite_size": 5,
  "noise_std": 0.95,
  "noise_decay": 0.95,
  "n_processes": 8,
  "current_generation": 0,
  "mean": [
    -0.13865811341146103,
    0.26871778559204557,
    -0.3540475966847045,
    0.23157651852126843,
    -0.9170332022037802,
    0.44688239968940263
  ],
  "std": [
    0.7497704345483128,
    0.9096413872350471,
    1.0469208721557,
    0.7647304598772549,
    0.7556070164058614,
    1.035834725752415
  ],
  "interruption_reason": "periodic_save",
  "timestamp": "20250814_134457"
}