{
  "feature_set": "dellacherie",
  "population_size": 20,
  "elite_size": 8,
  "noise_std": 0.9703725093562657,
  "noise_decay": 0.995,
  "n_processes": 16,
  "current_generation": 5,
  "mean": [
    1.1623250933273093,
    -0.2394386577210757,
    -1.1692310299568054,
    -0.10097077190751934,
    -1.0060138076203136,
    -0.7557128470339779
  ],
  "std": [
    0.26631355063680423,
    0.6385083392021064,
    0.2779045968753281,
    0.25281833748881083,
    0.3479532360215002,
    0.18352853410722095
  ],
  "interruption_reason": "periodic_save",
  "timestamp": "20250814_013015"
}