{
  "feature_set": "dellacherie",
  "population_size": 15,
  "elite_size": 5,
  "noise_std": 0.7350918906249998,
  "noise_decay": 0.95,
  "n_processes": 8,
  "current_generation": 5,
  "mean": [
    0.1927511847531674,
    -0.5020923089137556,
    -0.7048921384467788,
    -0.1734647764728205,
    -2.0682681532645013,
    -0.16423513650443977
  ],
  "std": [
    0.1,
    0.22705348495029037,
    0.23362273066100367,
    0.1,
    0.1,
    0.1
  ],
  "interruption_reason": "periodic_save",
  "timestamp": "20250814_110841"
}