{
  "feature_set": "dellacherie",
  "population_size": 15,
  "elite_size": 5,
  "noise_std": 0.9025,
  "noise_decay": 0.95,
  "n_processes": 8,
  "current_generation": 1,
  "mean": [
    -0.375702710326047,
    0.16799010849741816,
    -0.045388231778733565,
    0.6110893374897198,
    -1.1196510551175813,
    0.08033092977460203
  ],
  "std": [
    0.49333997350981956,
    0.6958468262032601,
    0.27139723021612766,
    1.5631628657723775,
    1.2263756475591494,
    0.6850601627773751
  ],
  "interruption_reason": "periodic_save",
  "timestamp": "20250814_131617"
}