{
  "generations": [
    0,
    1
  ],
  "best_scores": [
    2.0,
    15.0
  ],
  "mean_scores": [
    0.23333333333333334,
    1.8666666666666667
  ],
  "std_scores": [
    0.6018490028422595,
    4.7730726185783325
  ],
  "noise_levels": [
    0.95,
    0.9025
  ],
  "elite_scores": [
    [
      2.0,
      1.5,
      0.0,
      0.0,
      0.0
    ],
    [
      15.0,
      13.0,
      0.0,
      0.0,
      0.0
    ]
  ],
  "population_diversity": [
    0.6018490028422595,
    4.7730726185783325
  ],
  "weight_evolution": [
    [
      -0.22216796539208605,
      0.0663572030856017,
      -0.1013945227699304,
      1.1266957759161598,
      -0.6993418561857176,
      0.04887290894615206
    ],
    [
      -0.375702710326047,
      0.16799010849741816,
      -0.045388231778733565,
      0.6110893374897198,
      -1.1196510551175813,
      0.08033092977460203
    ]
  ],
  "convergence_metrics": [],
  "errors": [],
  "game_times": [
    0.33714216550191245,
    0.4935250520706177
  ],
  "parallel_efficiency": [
    3.84925023541579,
    3.7313142639598116
  ],
  "total_training_time": 0
}