{
  "feature_set": "dellacherie",
  "population_size": 20,
  "elite_size": 8,
  "noise_std": 0.960693043575437,
  "noise_decay": 0.995,
  "n_processes": 16,
  "current_generation": 7,
  "mean": [
    1.0392811630491987,
    -0.3338226335821193,
    -1.0518473024157413,
    -0.01931270921428512,
    -1.0528180344554954,
    -0.7670588425986591
  ],
  "std": [
    0.23825719573173498,
    0.3526707441270934,
    0.20187141999026045,
    0.1483354795640738,
    0.21391911917725046,
    0.2547174632347559
  ],
  "interruption_reason": "periodic_save",
  "timestamp": "20250814_020129"
}