{
  "feature_set": "dellacherie",
  "population_size": 15,
  "elite_size": 5,
  "noise_std": 0.8573749999999999,
  "noise_decay": 0.95,
  "n_processes": 8,
  "current_generation": 2,
  "mean": [
    -0.1381218157619294,
    0.4360439252581837,
    -0.24866725648050308,
    -0.5958820004900387,
    0.15837840830855687,
    -0.18878392570096253
  ],
  "std": [
    0.3620246462977017,
    0.12477117109215899,
    0.7664712003234676,
    0.7875868811948515,
    0.9050175500024951,
    1.3042089944124169
  ],
  "interruption_reason": "periodic_save",
  "timestamp": "20250814_132056"
}