{
  "feature_set": "dellacherie",
  "population_size": 28,
  "elite_size": 3,
  "noise_std": 1.0201317408552402,
  "noise_decay": 0.98,
  "n_processes": 8,
  "current_generation": 11,
  "mean": [
    0.7466529478966611,
    -1.7947591101401799,
    -1.4892344756954161,
    -0.7515581366855568,
    -2.132158623331391,
    0.09453188664596225
  ],
  "std": [
    0.16130163591080532,
    0.2555278689562695,
    0.15350588745484253,
    0.1,
    0.1,
    0.1
  ],
  "interruption_reason": "completed",
  "timestamp": "20250814_114451"
}