{
  "feature_set": "dellacherie",
  "population_size": 15,
  "elite_size": 5,
  "noise_std": 0.8145062499999999,
  "noise_decay": 0.95,
  "n_processes": 8,
  "current_generation": 3,
  "mean": [
    0.588043855520066,
    -0.41116827589665617,
    -0.923945556221437,
    -0.8497178611012917,
    -0.7451333796332701,
    -1.0610406173899967
  ],
  "std": [
    0.6379344992114369,
    0.2359279349527937,
    0.19407740436275328,
    0.15197546014733204,
    0.6638877458869173,
    0.761127206858601
  ],
  "interruption_reason": "periodic_save",
  "timestamp": "20250814_132207"
}