{
  "feature_set": "dellacherie",
  "population_size": 20,
  "elite_size": 8,
  "noise_std": 0.9369146928798039,
  "noise_decay": 0.995,
  "n_processes": 16,
  "current_generation": 12,
  "mean": [
    1.0496487928943379,
    -0.22082738136015834,
    -1.0752705797748938,
    0.07524942059485101,
    -1.1259757678719822,
    -0.5789494786458584
  ],
  "std": [
    0.14639242229451296,
    0.1,
    0.1540621169668755,
    0.1,
    0.1,
    0.1
  ],
  "interruption_reason": "periodic_save",
  "timestamp": "20250814_025232"
}