{
  "generations": [
    0,
    1,
    2
  ],
  "best_scores": [
    3.0,
    4.0,
    39.5
  ],
  "mean_scores": [
    0.4666666666666667,
    1.1,
    6.2
  ],
  "std_scores": [
    1.0241527663824812,
    1.4047538337136987,
    9.332380903785129
  ],
  "noise_levels": [
    0.95,
    0.9025,
    0.8573749999999999
  ],
  "elite_scores": [
    [
      3.0,
      3.0,
      1.0,
      0.0,
      0.0
    ],
    [
      4.0,
      4.0,
      3.0,
      1.5,
      1.5
    ],
    [
      39.5,
      9.5,
      7.5,
      7.5,
      6.0
    ]
  ],
  "population_diversity": [
    1.0241527663824812,
    1.4047538337136987,
    9.332380903785129
  ],
  "weight_evolution": [
    [
      0.00010627399088929124,
      -0.36316051440241687,
      0.0954474692046194,
      0.292840456399367,
      -0.4792191208215554,
      -0.3367980432011872
    ],
    [
      0.3174825638508115,
      -0.1704737566591819,
      -1.86833493968969,
      0.07703011291298982,
      -0.743286032994465,
      -0.4820554799941526
    ],
    [
      0.9781059338618825,
      -0.4108301976005898,
      -1.7384784630384438,
      0.12004874207846158,
      -0.7328495032150537,
      -0.2958212876606609
    ]
  ],
  "convergence_metrics": [],
  "errors": [],
  "game_times": [
    0.3895114501317342,
    0.5754912217458089,
    0.7903691371281941
  ],
  "parallel_efficiency": [
    4.428690031890584,
    4.712504417959429,
    4.538509385450085
  ],
  "total_training_time": 0
}