{
  "feature_set": "dellacherie",
  "population_size": 15,
  "elite_size": 5,
  "noise_std": 0.8573749999999999,
  "noise_decay": 0.95,
  "n_processes": 8,
  "current_generation": 2,
  "mean": [
    0.9781059338618825,
    -0.4108301976005898,
    -1.7384784630384438,
    0.12004874207846158,
    -0.7328495032150537,
    -0.2958212876606609
  ],
  "std": [
    1.3231392054209268,
    0.2851562671528984,
    0.7817431650311115,
    0.1616241612627766,
    0.1,
    0.37669617009751477
  ],
  "interruption_reason": "periodic_save",
  "timestamp": "20250814_134606"
}