{
  "feature_set": "dellacherie",
  "population_size": 15,
  "elite_size": 5,
  "noise_std": 0.7737809374999999,
  "noise_decay": 0.95,
  "n_processes": 8,
  "current_generation": 4,
  "mean": [
    0.23473119256328484,
    0.45998858875770293,
    -0.5909590829837451,
    -0.061836142203314806,
    -2.5041112474413008,
    -0.3936139863073803
  ],
  "std": [
    0.16268482624879382,
    0.12586457153436686,
    0.11148963599108838,
    0.19412597530722103,
    0.2406926544346847,
    0.25274621595323815
  ],
  "interruption_reason": "periodic_save",
  "timestamp": "20250814_124249"
}