{
  "feature_set": "dellacherie",
  "population_size": 15,
  "elite_size": 5,
  "noise_std": 0.7350918906249998,
  "noise_decay": 0.95,
  "n_processes": 8,
  "current_generation": 5,
  "mean": [
    0.9038568276803846,
    -0.341955526588655,
    -0.9002877566996114,
    0.017287135402902092,
    -0.839446837669285,
    -0.18470715295454562
  ],
  "std": [
    0.51688770842602,
    0.20505032876363627,
    0.21463264246399547,
    0.1,
    0.10040285408609399,
    0.1260034384051704
  ],
  "interruption_reason": "periodic_save",
  "timestamp": "20250814_134625"
}