{
  "generations": [
    0,
    1,
    2,
    3,
    4,
    5
  ],
  "best_scores": [
    3.0,
    4.0,
    39.5,
    21.5,
    29.5,
    46.0
  ],
  "mean_scores": [
    0.4666666666666667,
    1.1,
    6.2,
    6.3,
    9.6,
    14.766666666666667
  ],
  "std_scores": [
    1.0241527663824812,
    1.4047538337136987,
    9.332380903785129,
    5.703215467319,
    7.246148402197313,
    12.492486630860256
  ],
  "noise_levels": [
    0.95,
    0.9025,
    0.8573749999999999,
    0.8145062499999999,
    0.7737809374999999,
    0.7350918906249998
  ],
  "elite_scores": [
    [
      3.0,
      3.0,
      1.0,
      0.0,
      0.0
    ],
    [
      4.0,
      4.0,
      3.0,
      1.5,
      1.5
    ],
    [
      39.5,
      9.5,
      7.5,
      7.5,
      6.0
    ],
    [
      21.5,
      13.5,
      11.0,
      10.5,
      9.0
    ],
    [
      29.5,
      18.0,
      17.0,
      14.5,
      11.5
    ],
    [
      46.0,
      42.5,
      23.0,
      15.5,
      15.0
    ]
  ],
  "population_diversity": [
    1.0241527663824812,
    1.4047538337136987,
    9.332380903785129,
    5.703215467319,
    7.246148402197313,
    12.492486630860256
  ],
  "weight_evolution": [
    [
      0.00010627399088929124,
      -0.36316051440241687,
      0.0954474692046194,
      0.292840456399367,
      -0.4792191208215554,
      -0.3367980432011872
    ],
    [
      0.3174825638508115,
      -0.1704737566591819,
      -1.86833493968969,
      0.07703011291298982,
      -0.743286032994465,
      -0.4820554799941526
    ],
    [
      0.9781059338618825,
      -0.4108301976005898,
      -1.7384784630384438,
      0.12004874207846158,
      -0.7328495032150537,
      -0.2958212876606609
    ],
    [
      0.7656557305435502,
      -0.36618159594883487,
      -1.4450210438194122,
      0.09989337591518901,
      -0.7332750221341516,
      -0.13492687832781733
    ],
    [
      0.9339005150413853,
      -0.31421542544537645,
      -1.065523955430471,
      0.04429207182363354,
      -0.8108880729208903,
      -0.18678260422811593
    ],
    [
      0.9038568276803846,
      -0.341955526588655,
      -0.9002877566996114,
      0.017287135402902092,
      -0.839446837669285,
      -0.18470715295454562
    ]
  ],
  "convergence_metrics": [],
  "errors": [],
  "game_times": [
    0.3895114501317342,
    0.5754912217458089,
    0.7903691371281941,
    0.919206992785136,
    1.0989616632461547,
    1.5056582848230997
  ],
  "parallel_efficiency": [
    4.428690031890584,
    4.712504417959429,
    4.538509385450085,
    5.280103293044414,
    5.07024812251809,
    6.2808726004890545
  ],
  "total_training_time": 0
}