{
  "feature_set": "dellacherie",
  "population_size": 15,
  "elite_size": 5,
  "noise_std": 0.8145062499999999,
  "noise_decay": 0.95,
  "n_processes": 8,
  "current_generation": 3,
  "mean": [
    -0.03779124259795752,
    -0.6938582472935962,
    0.15330383060458347,
    0.3537691027558443,
    -1.6024305714571117,
    -0.5438636374333174
  ],
  "std": [
    0.6797930920549271,
    0.348990442503793,
    0.103861968410742,
    0.10471895964372735,
    0.20231102343693513,
    0.24309013870121682
  ],
  "interruption_reason": "periodic_save",
  "timestamp": "20250814_135120"
}