{
  "generations": [
    0,
    1,
    2,
    3
  ],
  "best_scores": [
    6.5,
    112.0,
    12.5,
    10.0
  ],
  "mean_scores": [
    0.7666666666666667,
    7.6,
    1.5333333333333334,
    1.9666666666666666
  ],
  "std_scores": [
    1.7688665548562137,
    27.906510590421966,
    3.7615008824788134,
    3.04667396060396
  ],
  "noise_levels": [
    0.95,
    0.9025,
    0.8573749999999999,
    0.8145062499999999
  ],
  "elite_scores": [
    [
      6.5,
      3.5,
      1.0,
      0.5,
      0.0
    ],
    [
      112.0,
      2.0,
      0.0,
      0.0,
      0.0
    ],
    [
      12.5,
      9.5,
      1.0,
      0.0,
      0.0
    ],
    [
      10.0,
      8.0,
      4.5,
      2.0,
      2.0
    ]
  ],
  "population_diversity": [
    1.7688665548562137,
    27.906510590421966,
    3.7615008824788134,
    3.04667396060396
  ],
  "weight_evolution": [
    [
      0.309022845678638,
      0.5018713399243562,
      0.4749817878807964,
      0.17253039512070548,
      -0.4422536302354173,
      -0.026213286123899237
    ],
    [
      0.05781906751044885,
      -0.538001890000056,
      0.21144243207588626,
      0.2228708100539361,
      -1.0138886942468268,
      0.42075904605714254
    ],
    [
      0.22552479282851193,
      -0.1494124839665409,
      0.08040938100753861,
      0.3223387603494333,
      -1.3130395897331515,
      -0.25845321151708384
    ],
    [
      -0.03779124259795752,
      -0.6938582472935962,
      0.15330383060458347,
      0.3537691027558443,
      -1.6024305714571117,
      -0.5438636374333174
    ]
  ],
  "convergence_metrics": [],
  "errors": [],
  "game_times": [
    0.32055433591206867,
    0.5407293160756429,
    0.37967824141184486,
    0.4844412326812744
  ],
  "parallel_efficiency": [
    3.40570424707934,
    1.811705375958821,
    3.3995059127730687,
    4.10292015835838
  ],
  "total_training_time": 0
}