{
  "feature_set": "dellacherie",
  "population_size": 15,
  "elite_size": 5,
  "noise_std": 0.7350918906249998,
  "noise_decay": 0.95,
  "n_processes": 8,
  "current_generation": 5,
  "mean": [
    -0.3835713848070173,
    -0.2751340828947864,
    -1.3456400531565855,
    -0.02539774772490422,
    -0.8808507845783129,
    0.2873611282363887
  ],
  "std": [
    0.1,
    0.1,
    0.22799584669124573,
    0.13098173388305798,
    0.23699227098952783,
    0.20104579172011966
  ],
  "interruption_reason": "periodic_save",
  "timestamp": "20250814_131527"
}