{
  "feature_set": "dellacherie",
  "population_size": 28,
  "elite_size": 3,
  "noise_std": 1.24852,
  "noise_decay": 0.98,
  "n_processes": 8,
  "current_generation": 1,
  "mean": [
    1.3716066071511965,
    -0.9379875054810078,
    -1.5322609047363216,
    -0.42462503907023663,
    -1.6674084194366838,
    -1.1627037578220976
  ],
  "std": [
    1.2331949736898729,
    0.9190426897013075,
    0.1,
    0.37493503498397857,
    0.313385879231114,
    0.5548624415233894
  ],
  "interruption_reason": "periodic_save",
  "timestamp": "20250814_114051"
}