{
  "generations": [
    0,
    1
  ],
  "best_scores": [
    4.5,
    24.0
  ],
  "mean_scores": [
    0.35714285714285715,
    5.517857142857143
  ],
  "std_scores": [
    0.9435603438302076,
    7.077986677591535
  ],
  "noise_levels": [
    1.274,
    1.24852
  ],
  "elite_scores": [
    [
      4.5,
      2.5,
      1.0
    ],
    [
      24.0,
      21.5,
      18.5
    ]
  ],
  "population_diversity": [
    0.9435603438302076,
    7.077986677591535
  ],
  "weight_evolution": [
    [
      -0.19143295991264653,
      -0.7604743069227983,
      -1.5377561928812502,
      -0.09569376174271267,
      -1.281306849994235,
      -0.9861517007505337
    ],
    [
      1.3716066071511965,
      -0.9379875054810078,
      -1.5322609047363216,
      -0.42462503907023663,
      -1.6674084194366838,
      -1.1627037578220976
    ]
  ],
  "convergence_metrics": [],
  "errors": [],
  "game_times": [
    0.31317763669150217,
    0.7848289949553353
  ],
  "parallel_efficiency": [
    4.925207692430273,
    6.749633146716013
  ],
  "total_training_time": 0
}