{
  "feature_set": "dellacherie",
  "population_size": 20,
  "elite_size": 8,
  "noise_std": 0.990025,
  "noise_decay": 0.995,
  "n_processes": 16,
  "current_generation": 1,
  "mean": [
    -0.09687813870595392,
    -0.04854666409277769,
    -0.2730302781257368,
    -0.516318688039722,
    -0.2825249362616509,
    -0.7083742458571488
  ],
  "std": [
    0.3028951064059495,
    0.9347319666013177,
    0.5717869385563528,
    0.8412814788596049,
    0.8925430306339882,
    0.4525948195539439
  ],
  "interruption_reason": "periodic_save",
  "timestamp": "20250814_003232"
}