{
  "generations": [
    0,
    1
  ],
  "best_scores": [
    34.8,
    31.0
  ],
  "mean_scores": [
    1.8399999999999999,
    1.75
  ],
  "std_scores": [
    7.56692804247536,
    6.734352233140171
  ],
  "noise_levels": [
    0.995,
    0.990025
  ],
  "elite_scores": [
    [
      34.8,
      1.2,
      0.6,
      0.2,
      0.0,
      0.0,
      0.0,
      0.0
    ],
    [
      31.0,
      2.4,
      1.2,
      0.2,
      0.2,
      0.0,
      0.0,
      0.0
    ]
  ],
  "population_diversity": [
    7.56692804247536,
    6.734352233140171
  ],
  "weight_evolution": [
    