{
  "feature_set": "dellacherie",
  "population_size": 20,
  "elite_size": 4,
  "noise_std": 0.6302494097246091,
  "noise_decay": 0.95,
  "n_processes": 8,
  "current_generation": 8,
  "mean": [
    -0.5085659970752525,
    1.6324495292861914,
    -0.2007907252523276,
    0.3556783500705547,
    -3.5487099169665273,
    -0.3770093651791782
  ],
  "std": [
    0.1,
    0.1,
    0.1,
    0.1,
    0.3013169200080095,
    0.11227628280537973
  ],
  "interruption_reason": "periodic_save",
  "timestamp": "20250814_112953"
}