{
  "generations": [
    0,
    1
  ],
  "best_scores": [
    2.5,
    1.5
  ],
  "mean_scores": [
    0.2,
    0.16666666666666666
  ],
  "std_scores": [
    0.6271629240742259,
    0.43461349368017654
  ],
  "noise_levels": [
    0.95,
    0.9025
  ],
  "elite_scores": [
    [
      2.5,
      0.5,
      0.0,
      0.0,
      0.0
    ],
    [
      1.5,
      1.0,
      0.0,
      0.0,
      0.0
    ]
  ],
  "population_diversity": [
    0.6271629240742259,
    0.43461349368017654
  ],
  "weight_evolution": [
    [
      0.2188862710896618,
      0.7338815177719762,
      -0.1696113364063676,
      0.35701005622716825,
      0.21889475052022864,
      -0.0026666060404415106
    ],
    [
      0.11677732957903234,
      0.12220913864944256,
      -0.5206001024136265,
      0.8755262030331,
      0.12264425389831488,
      -0.3500505992493198
    ]
  ],
  "convergence_metrics": [],
  "errors": [],
  "game_times": [
    0.3405958334604899,
    0.3133912722269694
  ],
  "parallel_efficiency": [
    4.518610473376368,
    4.163137239666335
  ],
  "total_training_time": 0
}