{
  "feature_set": "dellacherie",
  "population_size": 15,
  "elite_size": 5,
  "noise_std": 0.9025,
  "noise_decay": 0.95,
  "n_processes": 8,
  "current_generation": 1,
  "mean": [
    0.11677732957903234,
    0.12220913864944256,
    -0.5206001024136265,
    0.8755262030331,
    0.12264425389831488,
    -0.3500505992493198
  ],
  "std": [
    0.27380801294170914,
    0.6589930188464375,
    0.9428792572291353,
    0.5085186724374057,
    0.6965118803515775,
    0.3078742678461706
  ],
  "interruption_reason": "periodic_save",
  "timestamp": "20250814_132307"
}