{
  "feature_set": "dellacherie",
  "population_size": 15,
  "elite_size": 5,
  "noise_std": 0.95,
  "noise_decay": 0.95,
  "n_processes": 8,
  "current_generation": 0,
  "mean": [
    0.01127532831476068,
    0.047847393044304035,
    -0.16466184505560524,
    -0.3786865131265697,
    -0.010565352143226781,
    -0.22446876707815458
  ],
  "std": [
    0.7843765134051925,
    0.49572305514209053,
    0.6973509808772784,
    1.3004286320421041,
    0.7927304448282447,
    0.9398545649033414
  ],
  "interruption_reason": "periodic_save",
  "timestamp": "20250814_125732"
}