{
  "feature_set": "dellacherie",
  "population_size": 15,
  "elite_size": 5,
  "noise_std": 0.7350918906249998,
  "noise_decay": 0.95,
  "n_processes": 8,
  "current_generation": 6,
  "mean": [
    -0.06442932171754309,
    0.3855994915216026,
    -0.4443320706191153,
    -0.3011763194929474,
    -0.8524178191792672,
    -0.4646125507926566
  ],
  "std": [
    0.1,
    0.10365572568548215,
    0.19904878376987054,
    0.1,
    0.19904140302762063,
    0.19560865269662525
  ],
  "interruption_reason": "periodic_save",
  "timestamp": "20250814_132113"
}