{
  "generations": [
    0
  ],
  "best_scores": [
    4.5
  ],
  "mean_scores": [
    0.35714285714285715
  ],
  "std_scores": [
    0.9435603438302076
  ],
  "noise_levels": [
    1.274
  ],
  "elite_scores": [
    [
      4.5,
      2.5,
      1.0
    ]
  ],
  "population_diversity": [
    0.9435603438302076
  ],
  "weight_evolution": [
    [
      -0.19143295991264653,
      -0.7604743069227983,
      -1.5377561928812502,
      -0.09569376174271267,
      -1.281306849994235,
      -0.9861517007505337
    ]
  ],
  "convergence_metrics": [],
  "errors": [],
  "game_times": [
    0.31317763669150217
  ],
  "parallel_efficiency": [
    4.925207692430273
  ],
  "total_training_time": 0
}