{
  "feature_set": "dellacherie",
  "population_size": 28,
  "elite_size": 3,
  "noise_std": 1.274,
  "noise_decay": 0.98,
  "n_processes": 8,
  "current_generation": 0,
  "mean": [
    -0.19143295991264653,
    -0.7604743069227983,
    -1.5377561928812502,
    -0.09569376174271267,
    -1.281306849994235,
    -0.9861517007505337
  ],
  "std": [
    2.3498563085686492,
    1.5251933337102417,
    0.1,
    1.031864411787453,
    0.633620454456722,
    0.7508577338733966
  ],
  "interruption_reason": "periodic_save",
  "timestamp": "20250814_114045"
}