{
  "feature_set": "dellacherie",
  "population_size": 15,
  "elite_size": 5,
  "noise_std": 0.8573749999999999,
  "noise_decay": 0.95,
  "n_processes": 8,
  "current_generation": 3,
  "mean": [
    -0.21539295494529878,
    -0.43374116633770265,
    -0.49505552889889815,
    -0.31993182189368385,
    -1.372943593713239,
    -0.05121722368945834
  ],
  "std": [
    0.6475280885969534,
    1.2255045074671214,
    0.23642475386578182,
    0.2632092283736758,
    0.33494433340588725,
    0.12581773544019284
  ],
  "interruption_reason": "periodic_save",
  "timestamp": "20250814_134759"
}