{
  "feature_set": "dellacherie",
  "population_size": 15,
  "elite_size": 5,
  "noise_std": 0.8573749999999999,
  "noise_decay": 0.95,
  "n_processes": 8,
  "current_generation": 2,
  "mean": [
    0.8063168828399766,
    0.35289690638621707,
    0.3695072802442332,
    0.1630704175675854,
    -0.507826827489261,
    0.6572079397985774
  ],
  "std": [
    0.1288213852208057,
    0.7740311269721513,
    1.1683573076475073,
    0.233464900376902,
    0.7014868197875432,
    0.1
  ],
  "interruption_reason": "periodic_save",
  "timestamp": "20250814_134502"
}