{
  "feature_set": "dellacherie",
  "population_size": 15,
  "elite_size": 5,
  "noise_std": 0.7737809374999999,
  "noise_decay": 0.95,
  "n_processes": 8,
  "current_generation": 5,
  "mean": [
    0.33144275975023924,
    -0.09773022130060771,
    -0.7352778185155968,
    -0.44723830737638937,
    -1.8251386008220565,
    -0.07029480344801436
  ],
  "std": [
    0.41257455077592364,
    0.9893276667888747,
    0.11132433583198141,
    0.14000719545328022,
    0.18295721422058608,
    0.1
  ],
  "interruption_reason": "periodic_save",
  "timestamp": "20250814_134912"
}