{
  "feature_set": "dellacherie",
  "population_size": 15,
  "elite_size": 5,
  "noise_std": 0.95,
  "noise_decay": 0.95,
  "n_processes": 8,
  "current_generation": 1,
  "mean": [
    0.06856650330952652,
    -0.4733759009883647,
    0.15201442979508029,
    -0.43386402995675394,
    0.11260845510383351,
    -0.6542961516728257
  ],
  "std": [
    0.584677512434944,
    0.6120942979370181,
    0.8525663645803409,
    1.3639510570894187,
    1.0707043793629551,
    1.2414395190778866
  ],
  "interruption_reason": "periodic_save",
  "timestamp": "20250814_135302"
}