{
  "generations": [
    0,
    1,
    2,
    3,
    4,
    5,
    6,
    7
  ],
  "best_scores": [
    6.5,
    112.0,
    12.5,
    10.0,
    27.5,
    29.5,
    224.5,
    186.0
  ],
  "mean_scores": [
    0.7666666666666667,
    7.6,
    1.5333333333333334,
    1.9666666666666666,
    8.9,
    12.6,
    35.03333333333333,
    53.0
  ],
  "std_scores": [
    1.7688665548562137,
    27.906510590421966,
    3.7615008824788134,
    3.04667396060396,
    8.681781691181445,
    7.292004754066834,
    53.768784831184554,
    54.081728276131614
  ],
  "noise_levels": [
    0.95,
    0.9025,
    0.8573749999999999,
    0.8145062499999999,
    0.7737809374999999,
    0.7350918906249998,
    0.6983372960937497,
    0.6634204312890623
  ],
  "elite_scores": [
    [
      6.5,
      3.5,
      1.0,
      0.5,
      0.0
    ],
    [
      112.0,
      2.0,
      0.0,
      0.0,
      0.0
    ],
    [
      12.5,
      9.5,
      1.0,
      0.0,
      0.0
    ],
    [
      10.0,
      8.0,
      4.5,
      2.0,
      2.0
    ],
    [
      27.5,
      22.5,
      20.5,
      19.0,
      9.0
    ],
    [
      29.5,
      23.0,
      18.0,
      17.5,
      15.0
    ],
    [
      224.5,
      64.5,
      46.5,
      43.0,
      33.5
    ],
    [
      186.0,
      138.0,
      115.0,
      78.0,
      73.0
    ]
  ],
  "population_diversity": [
    1.7688665548562137,
    27.906510590421966,
    3.7615008824788134,
    3.04667396060396,
    8.681781691181445,
    7.292004754066834,
    53.768784831184554,
    54.081728276131614
  ],
  "weight_evolution": [
    [
      0.309022845678638,
      0.5018713399243562,
      0.4749817878807964,
      0.17253039512070548,
      -0.4422536302354173,
      -0.026213286123899237
    ],
    [
      0.05781906751044885,
      -0.538001890000056,
      0.21144243207588626,
      0.2228708100539361,
      -1.0138886942468268,
      0.42075904605714254
    ],
    [
      0.22552479282851193,
      -0.1494124839665409,
      0.08040938100753861,
      0.3223387603494333,
      -1.3130395897331515,
      -0.25845321151708384
    ],
    [
      -0.03779124259795752,
      -0.6938582472935962,
      0.15330383060458347,
      0.3537691027558443,
      -1.6024305714571117,
      -0.5438636374333174
    ],
    [
      0.14462144020197004,
      -0.5990293334736878,
      0.058530100181474184,
      0.2982997592993249,
      -1.6051478335641831,
      -0.4364183255921216
    ],
    [
      0.5647236808888525,
      -0.5986312795960377,
      0.011823243775851162,
      0.26952678329817253,
      -1.626346552259956,
      -0.37744730608291766
    ],
    [
      0.3747885107465898,
      -0.5667341423361918,
      -0.040984009301596125,
      0.30230059929819647,
      -1.6346233461361404,
      -0.30239087414353827
    ],
    [
      0.3647355597328251,
      -0.6215419985626689,
      -0.10958080573583324,
      0.38610721204451537,
      -1.6507065249446569,
      -0.2534461271074645
    ]
  ],
  "convergence_metrics": [],
  "errors": [],
  "game_times": [
    0.32055433591206867,
    0.5407293160756429,
    0.37967824141184486,
    0.4844412326812744,
    0.9319732348124187,
    1.096493172645569,
    1.9717775185902913,
    5.901015090942383
  ],
  "parallel_efficiency": [
    3.40570424707934,
    1.811705375958821,
    3.3995059127730687,
    4.10292015835838,
    5.016310561035014,
    5.044574823547814,
    3.295723652063642,
    4.942089460447852
  ],
  "total_training_time": 84.56858158111572,
  "interruption_point": {
    "generation": 7,
    "reason": "completed"
  }
}