{
  "feature_set": "dellacherie",
  "population_size": 15,
  "elite_size": 5,
  "noise_std": 0.6634204312890623,
  "noise_decay": 0.95,
  "n_processes": 8,
  "current_generation": 7,
  "mean": [
    0.3647355597328251,
    -0.6215419985626689,
    -0.10958080573583324,
    0.38610721204451537,
    -1.6507065249446569,
    -0.2534461271074645
  ],
  "std": [
    0.20365229377714117,
    0.10312685669269435,
    0.1,
    0.13038932960901034,
    0.20569428212569352,
    0.1
  ],
  "interruption_reason": "completed",
  "timestamp": "20250814_135226"
}