{
  "feature_set": "dellacherie",
  "population_size": 20,
  "elite_size": 8,
  "noise_std": 0.9801495006250001,
  "noise_decay": 0.995,
  "n_processes": 16,
  "current_generation": 3,
  "mean": [
    0.8357694918875047,
    0.20841301233873358,
    -0.9340828259890723,
    -0.12039149624415489,
    -0.8245208854573505,
    -0.8599395926216027
  ],
  "std": [
    0.5092826579261269,
    0.6760160396867709,
    0.40134022791889595,
    0.36738804688001875,
    0.3177348438207204,
    0.23744544440344179
  ],
  "interruption_reason": "periodic_save",
  "timestamp": "20250814_010314"
}