{
  "feature_set": "dellacherie",
  "population_size": 15,
  "elite_size": 5,
  "noise_std": 0.8573749999999999,
  "noise_decay": 0.95,
  "n_processes": 8,
  "current_generation": 2,
  "mean": [
    0.3028230270518373,
    -0.015339114934834664,
    -0.9504131599931315,
    -0.8671393807861165,
    -0.7698301198483415,
    -0.34087880981563934
  ],
  "std": [
    0.6209416277864087,
    0.34586074913673925,
    0.4197730900190568,
    0.1,
    0.4458688982193789,
    0.9241769108736245
  ],
  "interruption_reason": "periodic_save",
  "timestamp": "20250814_132204"
}