{
  "generations": [
    0,
    1,
    2
  ],
  "best_scores": [
    8.0,
    3.0,
    5.0
  ],
  "mean_scores": [
    0.6666666666666666,
    0.36666666666666664,
    0.8
  ],
  "std_scores": [
    1.9972202905260321,
    0.9392668535736913,
    1.503329637837291
  ],
  "noise_levels": [
    0.95,
    0.9025,
    0.8573749999999999
  ],
  "elite_scores": [
    [
      8.0,
      1.5,
      0.5,
      0.0,
      0.0
    ],
    [
      3.0,
      2.5,
      0.0,
      0.0,
      0.0
    ],
    [
      5.0,
      3.5,
      2.0,
      1.5,
      0.0
    ]
  ],
  "population_diversity": [
    1.9972202905260321,
    0.9392668535736913,
    1.503329637837291
  ],
  "weight_evolution": [
    [
      -0.0864663291446286,
      -0.13189484139973456,
      0.12388827157730486,
      -0.8835916745593551,
      0.052860033647414914,
      -0.21328055811412402
    ],
    [
      0.07997688801567393,
      0.07741876192953537,
      0.15786159956002146,
      -0.8505549661868204,
      -0.7444802364379909,
      0.10883750730461095
    ],
    [
      0.3028230270518373,
      -0.015339114934834664,
      -0.9504131599931315,
      -0.8671393807861165,
      -0.7698301198483415,
      -0.34087880981563934
    ]
  ],
  "convergence_metrics": [],
  "errors": [],
  "game_times": [
    0.3155707041422526,
    0.3315192381540934,
    0.40530484517415366
  ],
  "parallel_efficiency": [
    3.3355328303319576,
    4.052670920366892,
    3.880162756513456
  ],
  "total_training_time": 0
}