{
  "feature_set": "dellacherie",
  "population_size": 15,
  "elite_size": 5,
  "noise_std": 0.6634204312890623,
  "noise_decay": 0.95,
  "n_processes": 8,
  "current_generation": 7,
  "mean": [
    0.6221758460152899,
    -0.10001998768412493,
    -0.7534551273393344,
    -0.5806620164506411,
    -1.3352413840131383,
    -0.7062250258743135
  ],
  "std": [
    0.4951347407802406,
    0.23283325739265562,
    0.14819825593006952,
    0.1,
    0.11981668984776461,
    0.11764541889224389
  ],
  "interruption_reason": "completed",
  "timestamp": "20250814_132232"
}