{
  "feature_set": "dellacherie",
  "population_size": 15,
  "elite_size": 5,
  "noise_std": 0.8145062499999999,
  "noise_decay": 0.95,
  "n_processes": 8,
  "current_generation": 3,
  "mean": [
    0.06680974545056029,
    0.6452859679987287,
    -0.23382573851329416,
    0.6996757454797802,
    -2.286658915896757,
    0.029876542250947925
  ],
  "std": [
    0.22102006835697835,
    0.28651717352662276,
    0.3640165257705584,
    0.5698186863774863,
    2.4205044347962876,
    0.3349515549018187
  ],
  "interruption_reason": "periodic_save",
  "timestamp": "20250814_131709"
}