{
  "generations": [
    0,
    1,
    2,
    3
  ],
  "best_scores": [
    2.0,
    15.0,
    65.5,
    122.0
  ],
  "mean_scores": [
    0.23333333333333334,
    1.8666666666666667,
    7.866666666666666,
    11.0
  ],
  "std_scores": [
    0.6018490028422595,
    4.7730726185783325,
    17.510441329548367,
    31.32145164792547
  ],
  "noise_levels": [
    0.95,
    0.9025,
    0.8573749999999999,
    0.8145062499999999
  ],
  "elite_scores": [
    [
      2.0,
      1.5,
      0.0,
      0.0,
      0.0
    ],
    [
      15.0,
      13.0,
      0.0,
      0.0,
      0.0
    ],
    [
      65.5,
      31.5,
      14.0,
      7.0,
      0.0
    ],
    [
      122.0,
      40.5,
      2.5,
      0.0,
      0.0
    ]
  ],
  "population_diversity": [
    0.6018490028422595,
    4.7730726185783325,
    17.510441329548367,
    31.32145164792547
  ],
  "weight_evolution": [
    [
      -0.22216796539208605,
      0.0663572030856017,
      -0.1013945227699304,
      1.1266957759161598,
      -0.6993418561857176,
      0.04887290894615206
    ],
    [
      -0.375702710326047,
      0.16799010849741816,
      -0.045388231778733565,
      0.6110893374897198,
      -1.1196510551175813,
      0.08033092977460203
    ],
    [
      -0.11835424019080346,
      0.5743072120264868,
      -0.2347029613036986,
      0.5173639418852426,
      -2.9485918096148054,
      0.09568332059511521
    ],
    [
      0.06680974545056029,
      0.6452859679987287,
      -0.23382573851329416,
      0.6996757454797802,
      -2.286658915896757,
      0.029876542250947925
    ]
  ],
  "convergence_metrics": [],
  "errors": [],
  "game_times": [
    0.33714216550191245,
    0.4935250520706177,
    1.1942907651265462,
    1.8638305425643922
  ],
  "parallel_efficiency": [
    3.84925023541579,
    3.7313142639598116,
    1.7547503001289633,
    1.7308024827675033
  ],
  "total_training_time": 0
}