{
  "feature_set": "dellacherie",
  "population_size": 15,
  "elite_size": 5,
  "noise_std": 0.8145062499999999,
  "noise_decay": 0.95,
  "n_processes": 8,
  "current_generation": 4,
  "mean": [
    -0.060588881164910104,
    0.44605763318027725,
    -0.48977300148774816,
    -0.6093196921883116,
    -0.6151681540181922,
    0.10518500517678149
  ],
  "std": [
    0.218800728600765,
    0.14889535119033925,
    0.30874190104831356,
    0.444464885684416,
    0.9920916771629404,
    1.3817248725991493
  ],
  "interruption_reason": "periodic_save",
  "timestamp": "20250814_132101"
}