{
  "feature_set": "dellacherie",
  "population_size": 20,
  "elite_size": 4,
  "noise_std": 0.5987369392383786,
  "noise_decay": 0.95,
  "n_processes": 8,
  "current_generation": 9,
  "mean": [
    -0.45431779128735694,
    1.625655768593266,
    -0.10451293068626889,
    0.35066367012980165,
    -3.4006530691760224,
    -0.4369215968598634
  ],
  "std": [
    0.1,
    0.1305572228990283,
    0.1,
    0.11327724490416759,
    0.3125258592427338,
    0.1
  ],
  "interruption_reason": "completed",
  "timestamp": "20250814_113231"
}