{
  "feature_set": "dellacherie",
  "population_size": 15,
  "elite_size": 5,
  "noise_std": 0.8145062499999999,
  "noise_decay": 0.95,
  "n_processes": 8,
  "current_generation": 4,
  "mean": [
    0.3463018836968509,
    0.06192590353680917,
    -0.694734065574403,
    -0.3381251906539312,
    -1.5437647999281705,
    -0.06792139745710225
  ],
  "std": [
    0.7117654236863507,
    0.7805929403131784,
    0.1,
    0.1622538826856557,
    0.2652656919508743,
    0.1
  ],
  "interruption_reason": "periodic_save",
  "timestamp": "20250814_134840"
}