{
  "feature_set": "dellacherie",
  "population_size": 15,
  "elite_size": 5,
  "noise_std": 0.8573749999999999,
  "noise_decay": 0.95,
  "n_processes": 8,
  "current_generation": 3,
  "mean": [
    0.9256162892472023,
    -0.6473166344079644,
    0.3210919226779038,
    0.9388326582812276,
    -0.008434736940406574,
    -0.7969626525434943
  ],
  "std": [
    0.4255866880147829,
    0.19273515358630142,
    0.36273375470421965,
    1.1019834159688222,
    1.2636492798293828,
    1.0207330073872367
  ],
  "interruption_reason": "periodic_save",
  "timestamp": "20250814_135307"
}