{
  "generations": [
    1,
    2,
    3
  ],
  "best_scores": [
    22.5,
    5.0,
    3.0
  ],
  "mean_scores": [
    1.5,
    0.3333333333333333,
    0.26666666666666666
  ],
  "std_scores": [
    5.612486080160912,
    1.2472191289246473,
    0.7717224601860151
  ],
  "noise_levels": [
    0.95,
    0.9025,
    0.8573749999999999
  ],
  "elite_scores": [
    [
      22.5,
      0.0,
      0.0,
      0.0,
      0.0
    ],
    [
      5.0,
      0.0,
      0.0,
      0.0,
      0.0
    ],
    [
      3.0,
      1.0,
      0.0,
      0.0,
      0.0
    ]
  ],
  "population_diversity": [
    5.612486080160912,
    1.2472191289246473,
    0.7717224601860151
  ],
  "weight_evolution": [
    [
      0.06856650330952652,
      -0.4733759009883647,
      0.15201442979508029,
      -0.43386402995675394,
      0.11260845510383351,
      -0.6542961516728257
    ],
    [
      0.7928122722997514,
      -0.7985340510629038,
      -0.022790427184841634,
      0.8033042625459927,
      -0.24873122233586953,
      -0.9178909157946276
    ],
    [
      0.9256162892472023,
      -0.6473166344079644,
      0.3210919226779038,
      0.9388326582812276,
      -0.008434736940406574,
      -0.7969626525434943
    ]
  ],
  "convergence_metrics": [],
  "errors": [],
  "game_times": [
    0.43590563933054605,
    0.30884304841359456,
    0.35109450817108157
  ],
  "parallel_efficiency": [
    3.303974820466738,
    3.663053236148218,
    4.210724702051896
  ],
  "total_training_time": 0
}