{
  "feature_set": "dellacherie",
  "population_size": 15,
  "elite_size": 5,
  "noise_std": 0.8573749999999999,
  "noise_decay": 0.95,
  "n_processes": 8,
  "current_generation": 2,
  "mean": [
    -0.3729936067932003,
    -0.18039518569721694,
    -0.9154837284759576,
    -0.2741309512930199,
    -0.5231155837738362,
    -0.2699290387184023
  ],
  "std": [
    0.1,
    0.13053898602604683,
    0.5014522557282834,
    0.8110874047480191,
    0.20938824320662863,
    0.4046316484452539
  ],
  "interruption_reason": "periodic_save",
  "timestamp": "20250814_131513"
}