{
  "feature_set": "dellacherie",
  "population_size": 28,
  "elite_size": 3,
  "noise_std": 1.128563193220736,
  "noise_decay": 0.98,
  "n_processes": 8,
  "current_generation": 6,
  "mean": [
    1.005863796144178,
    -1.7176220761411216,
    -1.646346450306002,
    -0.6788014999803371,
    -2.0030788309739305,
    -0.1619787302941791
  ],
  "std": [
    0.1,
    0.1,
    0.1,
    0.20078311004572627,
    0.12962956478970447,
    0.1
  ],
  "interruption_reason": "periodic_save",
  "timestamp": "20250814_114208"
}