{
  "feature_set": "dellacherie",
  "population_size": 20,
  "elite_size": 8,
  "noise_std": 0.946354579813443,
  "noise_decay": 0.995,
  "n_processes": 16,
  "current_generation": 10,
  "mean": [
    1.1460561272551706,
    -0.14052571828849564,
    -1.081919695996031,
    0.014587350329010164,
    -1.1354277994412043,
    -0.6396426246937656
  ],
  "std": [
    0.21701717871056972,
    0.11356032844571036,
    0.2127542043001644,
    0.10068647947192272,
    0.13160399933819913,
    0.13979806967141295
  ],
  "interruption_reason": "periodic_save",
  "timestamp": "20250814_023641"
}