{
  "feature_set": "dellacherie",
  "population_size": 18,
  "elite_size": 4,
  "noise_std": 0.7935285368822168,
  "noise_decay": 0.96,
  "n_processes": 8,
  "current_generation": 7,
  "mean": [
    -0.25448838233642596,
    -0.7320638547532274,
    -1.0485193595415627,
    -0.3846702890389286,
    -1.2341108307011934,
    -0.30096194258762093
  ],
  "std": [
    0.1,
    0.10242736071356798,
    0.17583347411029235,
    0.1,
    0.1,
    0.1
  ],
  "interruption_reason": "periodic_save",
  "timestamp": "20250814_120433"
}