{
  "feature_set": "dellacherie",
  "population_size": 15,
  "elite_size": 5,
  "noise_std": 0.7737809374999999,
  "noise_decay": 0.95,
  "n_processes": 8,
  "current_generation": 4,
  "mean": [
    0.8086130167452319,
    0.11863079620291783,
    -1.9519554554276268,
    0.02649500268504399,
    -0.6184777551601259,
    0.7400762228794662
  ],
  "std": [
    0.10856858475204267,
    0.6961343240915263,
    0.4956519234934504,
    0.1,
    0.19378671397323693,
    0.1
  ],
  "interruption_reason": "periodic_save",
  "timestamp": "20250814_134509"
}