{
  "feature_set": "dellacherie",
  "population_size": 15,
  "elite_size": 5,
  "noise_std": 0.7737809374999999,
  "noise_decay": 0.95,
  "n_processes": 8,
  "current_generation": 4,
  "mean": [
    0.14851991886905905,
    0.7361330034179296,
    -0.23045862343255852,
    0.456623041516257,
    -3.057909237764037,
    -0.1344476330852493
  ],
  "std": [
    0.12913215488611854,
    0.24748503923816773,
    0.19952892734453245,
    0.6283655219039016,
    1.8933656891885382,
    0.10883298004554785
  ],
  "interruption_reason": "periodic_save",
  "timestamp": "20250814_131732"
}