{
  "feature_set": "dellacherie",
  "population_size": 20,
  "elite_size": 4,
  "noise_std": 0.6983372960937497,
  "noise_decay": 0.95,
  "n_processes": 8,
  "current_generation": 6,
  "mean": [
    -0.44894734613286746,
    1.558337111892575,
    -0.13573091887828725,
    0.28624063216530493,
    -2.989379988349578,
    -0.3649747178389646
  ],
  "std": [
    0.1,
    0.21093377639928143,
    0.1,
    0.11863360448824367,
    0.39770306288361684,
    0.10232222577802748
  ],
  "interruption_reason": "periodic_save",
  "timestamp": "20250814_112442"
}