{
  "feature_set": "dellacherie",
  "population_size": 15,
  "elite_size": 5,
  "noise_std": 0.6983372960937497,
  "noise_decay": 0.95,
  "n_processes": 8,
  "current_generation": 6,
  "mean": [
    0.3747885107465898,
    -0.5667341423361918,
    -0.040984009301596125,
    0.30230059929819647,
    -1.6346233461361404,
    -0.30239087414353827
  ],
  "std": [
    0.4151536310843446,
    0.11196107480892442,
    0.1,
    0.13724063877849887,
    0.1963492885722243,
    0.1
  ],
  "interruption_reason": "periodic_save",
  "timestamp": "20250814_135150"
}