{
  "feature_set": "dellacherie",
  "population_size": 15,
  "elite_size": 5,
  "noise_std": 0.8573749999999999,
  "noise_decay": 0.95,
  "n_processes": 8,
  "current_generation": 2,
  "mean": [
    0.26553095871043325,
    -0.2603228169107714,
    -1.858543117338861,
    -0.24875630275853858,
    -1.9877713224457838,
    -0.22373244237976975
  ],
  "std": [
    0.1,
    0.4948473028520876,
    0.5602512261284092,
    0.14326172837198847,
    0.22256767681037395,
    0.42974964889534356
  ],
  "interruption_reason": "periodic_save",
  "timestamp": "20250814_110735"
}