{
  "generations": [
    0,
    1,
    2
  ],
  "best_scores": [
    11.5,
    81.0,
    31.0
  ],
  "mean_scores": [
    0.9,
    9.533333333333333,
    12.166666666666666
  ],
  "std_scores": [
    2.8763402673072833,
    21.388054817792316,
    10.961548957859723
  ],
  "noise_levels": [
    0.95,
    0.9025,
    0.8573749999999999
  ],
  "elite_scores": [
    [
      11.5,
      2.0,
      0.0,
      0.0,
      0.0
    ],
    [
      81.0,
      35.5,
      19.0,
      6.5,
      0.5
    ],
    [
      31.0,
      24.5,
      24.5,
      23.0,
      20.5
    ]
  ],
  "population_diversity": [
    2.8763402673072833,
    21.388054817792316,
    10.961548957859723
  ],
  "weight_evolution": [
    [
      -0.16757401362788366,
      -0.6925839342523149,
      -0.17254771331101965,
      -0.27112292260862914,
      -1.0515489458835048,
      0.1501113724811348
    ],
    [
      0.21880548909538358,
      -0.4542979689304552,
      -1.691643310344429,
      -0.21519227122655948,
      -1.5888254250900415,
      0.39365031173052634
    ],
    [
      0.26553095871043325,
      -0.2603228169107714,
      -1.858543117338861,
      -0.24875630275853858,
      -1.9877713224457838,
      -0.22373244237976975
    ]
  ],
  "convergence_metrics": [],
  "errors": [],
  "game_times": [
    0.3747288703918457,
    0.710116179784139,
    1.054264505704244
  ],
  "parallel_efficiency": [
    3.9694611530056343,
    3.05693315275912,
    5.378763471117379
  ],
  "total_training_time": 0
}