{
  "generations": [
    0,
    1,
    2
  ],
  "best_scores": [
    34.8,
    31.0,
    53.8
  ],
  "mean_scores": [
    1.8399999999999999,
    1.75,
    2.9400000000000004
  ],
  "std_scores": [
    7.56692804247536,
    6.734352233140171,
    11.684194452336026
  ],
  "noise_levels": [
    0.995,
    0.990025,
    0.985074875
  ],
  "elite_scores": [
    [
      34.8,
      1.2,
      0.6,
      0.2,
      0.0,
      0.0,
      0.0,
      0.0
    ],
    [
      31.0,
      2.4,
      1.2,
      0.2,
      0.2,
      0.0,
      0.0,
      0.0
    ],
    [
      53.8,
      2.8,
      0.8,
      0.4,
      0.2,
      0.2,
      0.2,
      0.2
    ]
  ],
  "population_diversity": [
    7.56692804247536,
    6.734352233140171,
    11.684194452336026
  ],
  "weight_evolution": [
    