{
  "feature_set": "dellacherie",
  "population_size": 20,
  "elite_size": 8,
  "noise_std": 0.985074875,
  "noise_decay": 0.995,
  "n_processes": 16,
  "current_generation": 2,
  "mean": [
    -0.20216862572608102,
    0.5399652575897741,
    -0.4360439925654476,
    -0.6005083770400096,
    -0.8920745883673005,
    -0.7519811709236346
  ],
  "std": [
    0.2078123068231054,
    0.710698368003485,
    0.22968143232373292,
    0.7770449421302235,
    0.5295270482345746,
    0.3873095982275386
  ],
  "interruption_reason": "periodic_save",
  "timestamp": "20250814_003418"
}