{
  "feature_set": "dellacherie",
  "population_size": 20,
  "elite_size": 8,
  "noise_std": 0.9416228069143757,
  "noise_decay": 0.995,
  "n_processes": 16,
  "current_generation": 11,
  "mean": [
    1.0305808098094291,
    -0.1714841758664686,
    -1.0662391576582904,
    0.020008479055318745,
    -1.1178076793592417,
    -0.638549504726824
  ],
  "std": [
    0.23796350347343723,
    0.1,
    0.17306275146297267,
    0.1,
    0.1,
    0.1347236186165596
  ],
  "interruption_reason": "periodic_save",
  "timestamp": "20250814_024518"
}