{
  "generations": [
    0,
    1,
    2,
    3,
    4,
    5,
    6,
    7,
    8,
    9,
    10,
    11
  ],
  "best_scores": [
    12.4,
    11.8,
    7.8,
    108.6,
    50.4,
    38.0,
    40.2,
    42.6,
    42.4,
    80.0,
    39.8,
    58.6
  ],
  "mean_scores": [
    1.1400000000000001,
    1.0,
    1.3699999999999999,
    13.719999999999999,
    12.84,
    12.86,
    19.94,
    18.750000000000004,
    18.7,
    27.339999999999996,
    19.35,
    26.770000000000003
  ],
  "std_scores": [
    3.37585544714225,
    2.750999818247904,
    2.205697168697462,
    24.191353827349143,
    11.48574769007225,
    10.922106024023021,
    8.56133167211737,
    11.166713930248235,
    9.74853835197872,
    15.482260816818712,
    11.670454147118697,
    11.08842188952062
  ],
  "noise_levels": [
    0.995,
    0.990025,
    0.985074875,
    0.9801495006250001,
    0.9752487531218751,
    0.9703725093562657,
    0.9655206468094844,
    0.960693043575437,
    0.9558895783575597,
    0.9511101304657719,
    0.946354579813443,
    0.9416228069143757
  ],
  "elite_scores": [
    [
      12.4,
      10.0,
      0.4,
      0.0,
      0.0,
      0.0,
      0.0,
      0.0
    ],
    [
      11.8,
      4.2,
      3.8,
      0.2,
      0.0,
      0.0,
      0.0,
      0.0
    ],
    [
      7.8,
      6.0,
      4.6,
      3.0,
      1.6,
      1.6,
      1.2,
      0.8
    ],
    [
      108.6,
      47.2,
      19.8,
      19.4,
      13.8,
      12.8,
      9.6,
      8.8
    ],
    [
      50.4,
      27.4,
      24.6,
      20.0,
      17.8,
      17.8,
      15.6,
      14.4
    ],
    [
      38.0,
      33.4,
      32.8,
      20.4,
      19.0,
      17.6,
      14.2,
      13.4
    ],
    [
      40.2,
      34.2,
      30.6,
      29.4,
      25.0,
      23.0,
      22.8,
      22.0
    ],
    [
      42.6,
      40.8,
      31.6,
      28.6,
      25.8,
      25.6,
      24.2,
      22.0
    ],
    [
      42.4,
      31.6,
      30.2,
      26.4,
      26.0,
      24.0,
      22.8,
      22.4
    ],
    [
      80.0,
      49.6,
      39.0,
      35.6,
      31.4,
      30.6,
      30.4,
      28.4
    ],
    [
      39.8,
      37.6,
      35.4,
      32.2,
      29.8,
      27.8,
      27.4,
      22.6
    ],
    [
      58.6,
      40.0,
      37.8,
      34.8,
      34.4,
      33.2,
      31.4,
      29.6
    ]
  ],
  "population_diversity": [
    3.37585544714225,
    2.750999818247904,
    2.205697168697462,
    24.191353827349143,
    11.48574769007225,
    10.922106024023021,
    8.56133167211737,
    11.166713930248235,
    9.74853835197872,
    15.482260816818712,
    11.670454147118697,
    11.08842188952062
  ],
  "weight_evolution": [
    [
      0.21983164190367097,
      -0.14320254366654955,
      -0.07403894005729564,
      0.393294544292763,
      -0.10719381343503682,
      -0.2184587172795691
    ],
    [
      0.271425597433558,
      0.550544115691544,
      -0.4614967192177598,
      0.35566071668689203,
      0.01673711798054813,
      -0.6655150311646095
    ],
    [
      0.5933202136537393,
      0.41993141829690145,
      -1.016305480070282,
      -0.15202461048154117,
      -0.4274988031486224,
      -0.8155269206228872
    ],
    [
      0.8357694918875047,
      0.20841301233873358,
      -0.9340828259890723,
      -0.12039149624415489,
      -0.8245208854573505,
      -0.8599395926216027
    ],
    [
      1.0136648298713302,
      0.08055790122416605,
      -0.9587364820998379,
      -0.30061905063993943,
      -0.8484971120739486,
      -0.729363109810296
    ],
    [
      1.1623250933273093,
      -0.2394386577210757,
      -1.1692310299568054,
      -0.10097077190751934,
      -1.0060138076203136,
      -0.7557128470339779
    ],
    [
      1.1723408144219496,
      -0.39786697727502307,
      -0.9594504514428284,
      -0.01939785884468031,
      -1.0953191569901357,
      -0.8202471744055843
    ],
    [
      1.0392811630491987,
      -0.3338226335821193,
      -1.0518473024157413,
      -0.01931270921428512,
      -1.0528180344554954,
      -0.7670588425986591
    ],
    [
      1.0814111127020218,
      -0.26781853305233494,
      -1.066544020313055,
      -0.011291459380716132,
      -1.1886699734790178,
      -0.6891931123229068
    ],
    [
      1.2419677912967675,
      -0.15786660047436835,
      -1.0552236765516467,
      -0.04885885273497296,
      -1.1353905532556832,
      -0.6437706364317909
    ],
    [
      1.1460561272551706,
      -0.14052571828849564,
      -1.081919695996031,
      0.014587350329010164,
      -1.1354277994412043,
      -0.6396426246937656
    ],
    [
      1.0305808098094291,
      -0.1714841758664686,
      -1.0662391576582904,
      0.020008479055318745,
      -1.1178076793592417,
      -0.638549504726824
    ]
  ],
  "convergence_metrics": [],
  "errors": [],
  "game_times": [
    5.496508169174194,
    6.280326278209687,
    7.952703161239624,
    16.608513007164003,
    27.103617863655085,
    35.73153064012527,
    38.680446758270264,
    44.61117640733719,
    48.76630286693573,
    46.705719532966604,
    49.77046413183213,
    43.94544208526611
  ],
  "parallel_efficiency": [
    9.738128694356663,
    9.383523085409934,
    12.829601110562544,
    5.990528491348096,
    4.890053170048055,
    3.349543318728781,
    4.577995281973417,
    4.334653008801409,
    6.713979659184839,
    6.060039229286113,
    8.098465093338351,
    8.505611015569578
  ],
  "total_training_time": 0
}