{
  "feature_set": "dellacherie",
  "population_size": 15,
  "elite_size": 5,
  "noise_std": 0.9025,
  "noise_decay": 0.95,
  "n_processes": 8,
  "current_generation": 1,
  "mean": [
    -0.3217936322558283,
    -0.23474266576441288,
    -1.0635198053532926,
    -1.0951760757495363,
    -0.5030615698635368,
    -0.15472246590392463
  ],
  "std": [
    0.14309933297874658,
    0.14569010822892925,
    0.6442255046387847,
    1.5215882040702646,
    0.17010429437817273,
    0.7400760571906873
  ],
  "interruption_reason": "periodic_save",
  "timestamp": "20250814_131510"
}