{
  "generations": [
    0,
    1
  ],
  "best_scores": [
    3.5,
    7.5
  ],
  "mean_scores": [
    0.3,
    0.7
  ],
  "std_scores": [
    0.8717797887081347,
    1.92180470738661
  ],
  "noise_levels": [
    0.95,
    0.9025
  ],
  "elite_scores": [
    [
      3.5,
      0.5,
      0.5,
      0.0,
      0.0
    ],
    [
      7.5,
      2.5,
      0.5,
      0.0,
      0.0
    ]
  ],
  "population_diversity": [
    0.8717797887081347,
    1.92180470738661
  ],
  "weight_evolution": [
    [
      -0.4008269977461142,
      -0.4204093354629704,
      -0.422383590425388,
      -0.41659510193644184,
      -0.5618310006237606,
      -0.258869401995424
    ],
    [
      -0.3217936322558283,
      -0.23474266576441288,
      -1.0635198053532926,
      -1.0951760757495363,
      -0.5030615698635368,
      -0.15472246590392463
    ]
  ],
  "convergence_metrics": [],
  "errors": [],
  "game_times": [
    0.36805742581685386,
    0.41812453269958494
  ],
  "parallel_efficiency": [
    4.498889468720748,
    4.589134446401787
  ],
  "total_training_time": 0
}