{
  "generations": [
    0,
    1,
    2
  ],
  "best_scores": [
    4.5,
    24.0,
    51.5
  ],
  "mean_scores": [
    0.35714285714285715,
    5.517857142857143,
    15.017857142857142
  ],
  "std_scores": [
    0.9435603438302076,
    7.077986677591535,
    13.83285564907562
  ],
  "noise_levels": [
    1.274,
    1.24852,
    1.2235496000000001
  ],
  "elite_scores": [
    [
      4.5,
      2.5,
      1.0
    ],
    [
      24.0,
      21.5,
      18.5
    ],
    [
      51.5,
      47.5,
      33.5
    ]
  ],
  "population_diversity": [
    0.9435603438302076,
    7.077986677591535,
    13.83285564907562
  ],
  "weight_evolution": [
    [
      -0.19143295991264653,
      -0.7604743069227983,
      -1.5377561928812502,
      -0.09569376174271267,
      -1.281306849994235,
      -0.9861517007505337
    ],
    [
      1.3716066071511965,
      -0.9379875054810078,
      -1.5322609047363216,
      -0.42462503907023663,
      -1.6674084194366838,
      -1.1627037578220976
    ],
    [
      1.5207956245283265,
      -0.6127797698778038,
      -1.5977233040390175,
      -0.19650876408955786,
      -1.939627681920464,
      -0.35827362172364224
    ]
  ],
  "convergence_metrics": [],
  "errors": [],
  "game_times": [
    0.31317763669150217,
    0.7848289949553353,
    1.1824956664017268
  ],
  "parallel_efficiency": [
    4.925207692430273,
    6.749633146716013,
    6.955865236841345
  ],
  "total_training_time": 0
}