{
  "feature_set": "dellacherie",
  "population_size": 28,
  "elite_size": 3,
  "noise_std": 1.2235496000000001,
  "noise_decay": 0.98,
  "n_processes": 8,
  "current_generation": 2,
  "mean": [
    1.5207956245283265,
    -0.6127797698778038,
    -1.5977233040390175,
    -0.19650876408955786,
    -1.939627681920464,
    -0.35827362172364224
  ],
  "std": [
    0.9623402837811299,
    0.9932094337826815,
    0.130261401841702,
    0.17245517149120249,
    0.1,
    0.20688757419081721
  ],
  "interruption_reason": "periodic_save",
  "timestamp": "20250814_114101"
}