{
  "feature_set": "dellacherie",
  "population_size": 15,
  "elite_size": 5,
  "noise_std": 0.8145062499999999,
  "noise_decay": 0.95,
  "n_processes": 8,
  "current_generation": 3,
  "mean": [
    0.7446917500305837,
    -0.04083045089881798,
    -0.8058177615299215,
    0.024778315483996345,
    -0.7923137794032021,
    0.6448979394482688
  ],
  "std": [
    0.1,
    0.8946436662618316,
    1.004173667793981,
    0.1691876151676844,
    0.3127400663702104,
    0.1
  ],
  "interruption_reason": "periodic_save",
  "timestamp": "20250814_134505"
}