{
  "generations": [
    0,
    1,
    2,
    3
  ],
  "best_scores": [
    31.0,
    1.5,
    0.5,
    7.0
  ],
  "mean_scores": [
    2.1,
    0.1,
    0.06666666666666667,
    1.1333333333333333
  ],
  "std_scores": [
    7.724851670636357,
    0.37416573867739394,
    0.1699673171197595,
    2.2395436042987766
  ],
  "noise_levels": [
    0.95,
    0.9025,
    0.8573749999999999,
    0.8145062499999999
  ],
  "elite_scores": [
    [
      31.0,
      0.5,
      0.0,
      0.0,
      0.0
    ],
    [
      1.5,
      0.0,
      0.0,
      0.0,
      0.0
    ],
    [
      0.5,
      0.5,
      0.0,
      0.0,
      0.0
    ],
    [
      7.0,
      5.0,
      4.5,
      0.5,
      0.0
    ]
  ],
  "population_diversity": [
    7.724851670636357,
    0.37416573867739394,
    0.1699673171197595,
    2.2395436042987766
  ],
  "weight_evolution": [
    [
      -0.13865811341146103,
      0.26871778559204557,
      -0.3540475966847045,
      0.23157651852126843,
      -0.9170332022037802,
      0.44688239968940263
    ],
    [
      0.6692329142264797,
      0.1940394575460065,
      0.5849761261277515,
      0.0495893884568978,
      -0.43804106413250743,
      0.927112520472361
    ],
    [
      0.8063168828399766,
      0.35289690638621707,
      0.3695072802442332,
      0.1630704175675854,
      -0.507826827489261,
      0.6572079397985774
    ],
    [
      0.7446917500305837,
      -0.04083045089881798,
      -0.8058177615299215,
      0.024778315483996345,
      -0.7923137794032021,
      0.6448979394482688
    ]
  ],
  "convergence_metrics": [],
  "errors": [],
  "game_times": [
    0.3819852590560913,
    0.30472981135050453,
    0.33881800969441733,
    0.4775633414586385
  ],
  "parallel_efficiency": [
    2.5139038640583364,
    4.133205965011223,
    4.005754025915479,
    4.295824402669599
  ],
  "total_training_time": 0
}