{
  "generations": [
    0,
    1,
    2
  ],
  "best_scores": [
    12.333333333333334,
    23.333333333333332,
    108.33333333333333
  ],
  "mean_scores": [
    0.6166666666666667,
    1.8166666666666669,
    13.2
  ],
  "std_scores": [
    2.6879876818500827,
    5.5130904823580265,
    26.069437192919136
  ],
  "noise_levels": [
    0.95,
    0.9025,
    0.8573749999999999
  ],
  "elite_scores": [
    [
      12.333333333333334,
      0.0,
      0.0,
      0.0
    ],
    [
      23.333333333333332,
      11.333333333333334,
      0.6666666666666666,
      0.6666666666666666
    ],
    [
      108.33333333333333,
      45.333333333333336,
      43.666666666666664,
      33.666666666666664
    ]
  ],
  "population_diversity": [
    2.6879876818500827,
    5.5130904823580265,
    26.069437192919136
  ],
  "weight_evolution": [
    [
      0.2912497178200898,
      0.44830148843790446,
      0.25927828523937185,
      -0.283678201539322,
      -0.15359787665548102,
      -0.5328166235249743
    ],
    [
      0.09291461810609487,
      1.0649875420060564,
      0.013774912843082299,
      -0.07134133488903141,
      -1.3535061151467818,
      -0.11784601147475732
    ],
    [
      -0.4389386475167296,
      0.7502200748277845,
      -0.36749557364245755,
      0.10019859069566434,
      -2.2259719426419164,
      -0.34920935543026527
    ]
  ],
  "convergence_metrics": [],
  "errors": [],
  "game_times": [
    0.31391704877217613,
    0.37545129458109533,
    1.4041112462679544
  ],
  "parallel_efficiency": [
    4.73905541042747,
    4.42324179304618,
    2.1952531298274653
  ],
  "total_training_time": 0
}