{
  "feature_set": "dellacherie",
  "population_size": 20,
  "elite_size": 4,
  "noise_std": 0.8573749999999999,
  "noise_decay": 0.95,
  "n_processes": 8,
  "current_generation": 2,
  "mean": [
    -0.4389386475167296,
    0.7502200748277845,
    -0.36749557364245755,
    0.10019859069566434,
    -2.2259719426419164,
    -0.34920935543026527
  ],
  "std": [
    0.3904354238929336,
    0.4122141223217295,
    0.37702547487076576,
    0.3564328844583829,
    0.6552246081098893,
    0.16578938453511344
  ],
  "interruption_reason": "periodic_save",
  "timestamp": "20250814_111753"
}