{
  "feature_set": "dellacherie",
  "population_size": 15,
  "elite_size": 5,
  "noise_std": 0.8573749999999999,
  "noise_decay": 0.95,
  "n_processes": 8,
  "current_generation": 2,
  "mean": [
    0.05792521893954143,
    -0.4757389858771692,
    -0.5904885928485278,
    1.072737089494636,
    0.31951123611504656,
    -0.23375200433408225
  ],
  "std": [
    0.3484697464639057,
    0.6067280307674765,
    1.5904525758036618,
    0.3063909846943725,
    0.5553746712301105,
    0.19570425936479927
  ],
  "interruption_reason": "periodic_save",
  "timestamp": "20250814_132310"
}