{
  "feature_set": "dellacherie",
  "population_size": 15,
  "elite_size": 5,
  "noise_std": 0.7737809374999999,
  "noise_decay": 0.95,
  "n_processes": 8,
  "current_generation": 5,
  "mean": [
    0.9570488135533463,
    -0.6491531143099055,
    0.787158592151614,
    1.4340599566198025,
    -0.7285498224637446,
    -0.4035085797360113
  ],
  "std": [
    0.22241356974083645,
    0.23722454414009345,
    0.28677544307651753,
    0.8130433738735243,
    1.2113748408315366,
    1.1822144227985543
  ],
  "interruption_reason": "periodic_save",
  "timestamp": "20250814_135313"
}