{
  "feature_set": "dellacherie",
  "population_size": 18,
  "elite_size": 4,
  "noise_std": 0.89690996736,
  "noise_decay": 0.96,
  "n_processes": 8,
  "current_generation": 4,
  "mean": [
    -0.38500235412171124,
    -0.6625962765866606,
    -1.4818967167691435,
    -0.5268260864547425,
    -1.1191079769080126,
    -0.41156901909347143
  ],
  "std": [
    0.1083217272162496,
    0.10686022099768733,
    0.38137559519577724,
    0.1245150283440691,
    0.105876788719794,
    0.1
  ],
  "interruption_reason": "periodic_save",
  "timestamp": "20250814_120411"
}