{
  "generations": [
    0,
    1,
    2,
    3,
    4
  ],
  "best_scores": [
    3.0,
    14.0,
    26.5,
    53.0,
    24.5
  ],
  "mean_scores": [
    0.16666666666666666,
    1.3611111111111112,
    9.666666666666666,
    10.527777777777779,
    7.472222222222222
  ],
  "std_scores": [
    0.6871842709362769,
    3.3739424497642205,
    7.859884081701064,
    13.004777137462286,
    6.419311624184876
  ],
  "noise_levels": [
    1.056,
    1.01376,
    0.9732096,
    0.934281216,
    0.89690996736
  ],
  "elite_scores": [
    [
      3.0,
      0.0,
      0.0,
      0.0
    ],
    [
      14.0,
      6.0,
      2.0,
      1.0
    ],
    [
      26.5,
      23.5,
      18.5,
      17.0
    ],
    [
      53.0,
      28.0,
      27.5,
      14.0
    ],
    [
      24.5,
      23.0,
      11.5,
      9.0
    ]
  ],
  "population_diversity": [
    0.6871842709362769,
    3.3739424497642205,
    7.859884081701064,
    13.004777137462286,
    6.419311624184876
  ],
  "weight_evolution": [
    [
      -0.3283453888634444,
      -0.6084803318697911,
      -0.3661098661938331,
      -0.14935143949221272,
      -0.21329311326321776,
      0.39705960153812897
    ],
    [
      -0.5660547568330709,
      -0.6557775822712828,
      -1.2848505508542933,
      -0.2419315168475481,
      -0.8743235095139474,
      -0.6599246119040004
    ],
    [
      -0.566176027418997,
      -0.7680137308698389,
      -1.2753572451718387,
      -0.5146508417471498,
      -1.1440501851526514,
      -0.5229755966365675
    ],
    [
      -0.356432975849578,
      -0.6765048147773414,
      -1.2232192926748944,
      -0.540633049823349,
      -1.1135110502075045,
      -0.4502635433575962
    ],
    [
      -0.38500235412171124,
      -0.6625962765866606,
      -1.4818967167691435,
      -0.5268260864547425,
      -1.1191079769080126,
      -0.41156901909347143
    ]
  ],
  "convergence_metrics": [],
  "errors": [],
  "game_times": [
    0.29424413045247394,
    0.4131871991687351,
    0.9620005951987373,
    0.9485255612267388,
    0.8556773331430223
  ],
  "parallel_efficiency": [
    4.701652617596936,
    4.492032746838976,
    6.087652215166531,
    6.006874774882537,
    5.805245080886065
  ],
  "total_training_time": 0
}