{
  "feature_set": "dellacherie",
  "population_size": 15,
  "elite_size": 5,
  "noise_std": 0.6983372960937497,
  "noise_decay": 0.95,
  "n_processes": 8,
  "current_generation": 6,
  "mean": [
    1.1307539075049964,
    -0.197480312308481,
    -0.06590490243778513,
    0.2655168969098816,
    -1.0761578922941144,
    -0.4580045251508741
  ],
  "std": [
    0.1612402182368965,
    0.10395901801723793,
    0.1,
    0.1,
    0.1,
    0.10825876129609553
  ],
  "interruption_reason": "periodic_save",
  "timestamp": "20250814_125757"
}