{
  "generations": [
    0,
    1,
    2,
    3,
    4,
    5,
    6
  ],
  "best_scores": [
    2.5,
    11.5,
    0.5,
    12.0,
    15.0,
    15.0,
    39.0
  ],
  "mean_scores": [
    0.2,
    0.9333333333333333,
    0.03333333333333333,
    0.9333333333333333,
    2.7666666666666666,
    4.8,
    14.033333333333333
  ],
  "std_scores": [
    0.6271629240742259,
    2.8917507192395093,
    0.12472191289246472,
    2.9713446264088725,
    4.0367753907736255,
    4.48627536678999,
    12.022848617897878
  ],
  "noise_levels": [
    0.95,
    0.9025,
    0.8573749999999999,
    0.8145062499999999,
    0.7737809374999999,
    0.7350918906249998,
    0.6983372960937497
  ],
  "elite_scores": [
    [
      2.5,
      0.5,
      0.0,
      0.0,
      0.0
    ],
    [
      11.5,
      2.5,
      0.0,
      0.0,
      0.0
    ],
    [
      0.5,
      0.0,
      0.0,
      0.0,
      0.0
    ],
    [
      12.0,
      1.0,
      0.5,
      0.5,
      0.0
    ],
    [
      15.0,
      7.5,
      6.5,
      4.0,
      3.0
    ],
    [
      15.0,
      11.0,
      10.0,
      9.0,
      7.5
    ],
    [
      39.0,
      34.5,
      31.0,
      24.5,
      19.0
    ]
  ],
  "population_diversity": [
    0.6271629240742259,
    2.8917507192395093,
    0.12472191289246472,
    2.9713446264088725,
    4.0367753907736255,
    4.48627536678999,
    12.022848617897878
  ],
  "weight_evolution": [
    [
      0.01127532831476068,
      0.047847393044304035,
      -0.16466184505560524,
      -0.3786865131265697,
      -0.010565352143226781,
      -0.22446876707815458
    ],
    [
      0.9852787037996169,
      -0.15594916019403154,
      0.0011812538174066135,
      0.47058113941164786,
      -0.025824491184386567,
      -0.31157966372541224
    ],
    [
      1.034196895484082,
      -0.17708655340469737,
      0.06992144387352386,
      0.42347740049346083,
      -0.057669277825452434,
      -0.318085750275695
    ],
    [
      1.0314131864407758,
      -0.21592873847098484,
      -0.06278107869209651,
      0.5408039398569142,
      -0.8731510751217366,
      -0.4612896633195108
    ],
    [
      1.1189696511064038,
      -0.12815142628144502,
      -0.04512021490828447,
      0.3711375089877561,
      -0.8809649178782678,
      -0.47955120935341694
    ],
    [
      1.0873659667469475,
      -0.2027799570805419,
      -0.0408967062385256,
      0.35917898214515637,
      -0.9567828496000473,
      -0.4864114845213761
    ],
    [
      1.1307539075049964,
      -0.197480312308481,
      -0.06590490243778513,
      0.2655168969098816,
      -1.0761578922941144,
      -0.4580045251508741
    ]
  ],
  "convergence_metrics": [],
  "errors": [],
  "game_times": [
    0.3271719296773275,
    0.3379108349482218,
    0.3393678108851115,
    0.529558261235555,
    0.7200919469197591,
    0.7729436079661052,
    1.302052656809489
  ],
  "parallel_efficiency": [
    4.016444416823312,
    4.079956608683637,
    4.060191059970947,
    4.711109976745585,
    5.129473373861035,
    5.047649855943527,
    4.912287487364819
  ],
  "total_training_time": 0
}