{
  "feature_set": "dellacherie",
  "population_size": 15,
  "elite_size": 5,
  "noise_std": 0.7737809374999999,
  "noise_decay": 0.95,
  "n_processes": 8,
  "current_generation": 5,
  "mean": [
    -0.14513093285077586,
    0.3769724256382788,
    -0.440092357471923,
    -0.33202592611947984,
    -0.7209557240497763,
    -0.7268389699004938
  ],
  "std": [
    0.11550507856138892,
    0.1,
    0.14219460164764167,
    0.18332461119995636,
    0.20855992649578547,
    0.44824920638593296
  ],
  "interruption_reason": "periodic_save",
  "timestamp": "20250814_132105"
}