{
  "feature_set": "dellacherie",
  "population_size": 28,
  "elite_size": 3,
  "noise_std": 1.1515950951232001,
  "noise_decay": 0.98,
  "n_processes": 8,
  "current_generation": 5,
  "mean": [
    0.9878421758833559,
    -1.758013092799091,
    -1.6461247507661794,
    -0.20152899343198125,
    -2.030452426320673,
    -0.22276627191403878
  ],
  "std": [
    0.1,
    1.1165839873923389,
    0.1,
    0.25647660036210973,
    0.1,
    0.13742146680688055
  ],
  "interruption_reason": "periodic_save",
  "timestamp": "20250814_114148"
}