{
  "generations": [
    0,
    1,
    2,
    3,
    4
  ],
  "best_scores": [
    11.5,
    81.0,
    31.0,
    43.5,
    125.5
  ],
  "mean_scores": [
    0.9,
    9.533333333333333,
    12.166666666666666,
    21.533333333333335,
    48.53333333333333
  ],
  "std_scores": [
    2.8763402673072833,
    21.388054817792316,
    10.961548957859723,
    11.379025539220054,
    29.553604781067833
  ],
  "noise_levels": [
    0.95,
    0.9025,
    0.8573749999999999,
    0.8145062499999999,
    0.7737809374999999
  ],
  "elite_scores": [
    [
      11.5,
      2.0,
      0.0,
      0.0,
      0.0
    ],
    [
      81.0,
      35.5,
      19.0,
      6.5,
      0.5
    ],
    [
      31.0,
      24.5,
      24.5,
      23.0,
      20.5
    ],
    [
      43.5,
      34.5,
      34.0,
      30.0,
      29.0
    ],
    [
      125.5,
      91.0,
      84.5,
      55.0,
      54.0
    ]
  ],
  "population_diversity": [
    2.8763402673072833,
    21.388054817792316,
    10.961548957859723,
    11.379025539220054,
    29.553604781067833
  ],
  "weight_evolution": [
    [
      -0.16757401362788366,
      -0.6925839342523149,
      -0.17254771331101965,
      -0.27112292260862914,
      -1.0515489458835048,
      0.1501113724811348
    ],
    [
      0.21880548909538358,
      -0.4542979689304552,
      -1.691643310344429,
      -0.21519227122655948,
      -1.5888254250900415,
      0.39365031173052634
    ],
    [
      0.26553095871043325,
      -0.2603228169107714,
      -1.858543117338861,
      -0.24875630275853858,
      -1.9877713224457838,
      -0.22373244237976975
    ],
    [
      0.2573651844089643,
      -0.46236507535129867,
      -1.534056888548767,
      -0.16987168658943458,
      -1.93902972802287,
      -0.1651970556699331
    ],
    [
      0.2442206915704217,
      -0.6466210012448397,
      -1.0513577660567994,
      -0.15677333843461727,
      -1.9676289056396297,
      -0.13774094376594173
    ]
  ],
  "convergence_metrics": [],
  "errors": [],
  "game_times": [
    0.3747288703918457,
    0.710116179784139,
    1.054264505704244,
    1.4865139325459797,
    3.32083527247111
  ],
  "parallel_efficiency": [
    3.9694611530056343,
    3.05693315275912,
    5.378763471117379,
    5.887966090768113,
    3.7631652608126664
  ],
  "total_training_time": 0
}