{
  "feature_set": "dellacherie",
  "population_size": 15,
  "elite_size": 5,
  "noise_std": 0.7737809374999999,
  "noise_decay": 0.95,
  "n_processes": 8,
  "current_generation": 4,
  "mean": [
    0.2442206915704217,
    -0.6466210012448397,
    -1.0513577660567994,
    -0.15677333843461727,
    -1.9676289056396297,
    -0.13774094376594173
  ],
  "std": [
    0.1,
    0.2858867907075669,
    0.27751928082513067,
    0.10223543463811094,
    0.1391701824227707,
    0.1
  ],
  "interruption_reason": "periodic_save",
  "timestamp": "20250814_110809"
}