{
  "feature_set": "dellacherie",
  "population_size": 15,
  "elite_size": 5,
  "noise_std": 0.7737809374999999,
  "noise_decay": 0.95,
  "n_processes": 8,
  "current_generation": 4,
  "mean": [
    0.43363867644972054,
    -0.41352295261439265,
    -0.8087600468662661,
    -0.7268959935826782,
    -0.8268138655551589,
    -0.9398892277782487
  ],
  "std": [
    0.6776174647625326,
    0.3719620526260877,
    0.24692061665482512,
    0.10522564919896665,
    0.38395887984242427,
    0.4675092623504149
  ],
  "interruption_reason": "periodic_save",
  "timestamp": "20250814_132210"
}