{
  "generations": [
    0,
    1,
    2,
    3,
    4
  ],
  "best_scores": [
    8.0,
    3.0,
    5.0,
    5.0,
    4.5
  ],
  "mean_scores": [
    0.6666666666666666,
    0.36666666666666664,
    0.8,
    0.8333333333333334,
    0.8666666666666667
  ],
  "std_scores": [
    1.9972202905260321,
    0.9392668535736913,
    1.503329637837291,
    1.2736648783028532,
    1.384035966135113
  ],
  "noise_levels": [
    0.95,
    0.9025,
    0.8573749999999999,
    0.8145062499999999,
    0.7737809374999999
  ],
  "elite_scores": [
    [
      8.0,
      1.5,
      0.5,
      0.0,
      0.0
    ],
    [
      3.0,
      2.5,
      0.0,
      0.0,
      0.0
    ],
    [
      5.0,
      3.5,
      2.0,
      1.5,
      0.0
    ],
    [
      5.0,
      2.5,
      1.0,
      1.0,
      0.5
    ],
    [
      4.5,
      3.0,
      2.5,
      1.5,
      1.5
    ]
  ],
  "population_diversity": [
    1.9972202905260321,
    0.9392668535736913,
    1.503329637837291,
    1.2736648783028532,
    1.384035966135113
  ],
  "weight_evolution": [
    [
      -0.0864663291446286,
      -0.13189484139973456,
      0.12388827157730486,
      -0.8835916745593551,
      0.052860033647414914,
      -0.21328055811412402
    ],
    [
      0.07997688801567393,
      0.07741876192953537,
      0.15786159956002146,
      -0.8505549661868204,
      -0.7444802364379909,
      0.10883750730461095
    ],
    [
      0.3028230270518373,
      -0.015339114934834664,
      -0.9504131599931315,
      -0.8671393807861165,
      -0.7698301198483415,
      -0.34087880981563934
    ],
    [
      0.588043855520066,
      -0.41116827589665617,
      -0.923945556221437,
      -0.8497178611012917,
      -0.7451333796332701,
      -1.0610406173899967
    ],
    [
      0.43363867644972054,
      -0.41352295261439265,
      -0.8087600468662661,
      -0.7268959935826782,
      -0.8268138655551589,
      -0.9398892277782487
    ]
  ],
  "convergence_metrics": [],
  "errors": [],
  "game_times": [
    0.3155707041422526,
    0.3315192381540934,
    0.40530484517415366,
    0.5509748935699463,
    0.5302172263463338
  ],
  "parallel_efficiency": [
    3.3355328303319576,
    4.052670920366892,
    3.880162756513456,
    5.102733823243338,
    4.904443764872277
  ],
  "total_training_time": 0
}