{
  "generations": [
    0,
    1
  ],
  "best_scores": [
    2.5,
    7.5
  ],
  "mean_scores": [
    0.3333333333333333,
    0.6666666666666666
  ],
  "std_scores": [
    0.8498365855987973,
    1.8767584347012327
  ],
  "noise_levels": [
    0.95,
    0.9025
  ],
  "elite_scores": [
    [
      2.5,
      2.5,
      0.0,
      0.0,
      0.0
    ],
    [
      7.5,
      1.5,
      1.0,
      0.0,
      0.0
    ]
  ],
  "population_diversity": [
    0.8498365855987973,
    1.8767584347012327
  ],
  "weight_evolution": [
    [
      -0.36748749155768906,
      0.35497702076145643,
      -0.5754780658783026,
      1.045138164083769,
      -0.15532042018880549,
      0.7065229146626577
    ],
    [
      0.1038481456992465,
      0.7066838959663234,
      -0.5797624934894173,
      0.8478723078085337,
      -0.6128067354216731,
      -0.38330387963872764
    ]
  ],
  "convergence_metrics": [],
  "errors": [],
  "game_times": [
    0.3567583799362183,
    0.41856640179951987
  ],
  "parallel_efficiency": [
    4.651792973595284,
    4.711942593358349
  ],
  "total_training_time": 0
}