{
  "feature_set": "dellacherie",
  "population_size": 15,
  "elite_size": 5,
  "noise_std": 0.9025,
  "noise_decay": 0.95,
  "n_processes": 8,
  "current_generation": 1,
  "mean": [
    0.1038481456992465,
    0.7066838959663234,
    -0.5797624934894173,
    0.8478723078085337,
    -0.6128067354216731,
    -0.38330387963872764
  ],
  "std": [
    0.5690541435871417,
    0.6150590404676761,
    0.6485165557489407,
    1.0748528932742973,
    0.9208699790893535,
    1.101445688526893
  ],
  "interruption_reason": "periodic_save",
  "timestamp": "20250814_124012"
}