{
  "feature_set": "dellacherie",
  "population_size": 15,
  "elite_size": 5,
  "noise_std": 0.6983372960937497,
  "noise_decay": 0.95,
  "n_processes": 8,
  "current_generation": 6,
  "mean": [
    0.6755187673913736,
    -0.5283704263174471,
    -0.7225243507730457,
    -0.06426240956901039,
    -0.8499350796123426,
    -0.16924894345072314
  ],
  "std": [
    0.3693327107693326,
    0.17380801610531826,
    0.1,
    0.100604034016548,
    0.10609355047963764,
    0.1
  ],
  "interruption_reason": "periodic_save",
  "timestamp": "20250814_134634"
}