{
  "feature_set": "dellacherie",
  "population_size": 15,
  "elite_size": 5,
  "noise_std": 0.6983372960937497,
  "noise_decay": 0.95,
  "n_processes": 8,
  "current_generation": 6,
  "mean": [
    0.674322544384462,
    -0.08526381090883543,
    -0.7717319628236142,
    -0.6413739668631144,
    -1.2910099843472327,
    -0.8048978397104036
  ],
  "std": [
    0.37385044543659834,
    0.35142840184275387,
    0.23109263863140164,
    0.11734241564994984,
    0.20710447104601962,
    0.12858416580771626
  ],
  "interruption_reason": "periodic_save",
  "timestamp": "20250814_132222"
}