{
  "generations": [
    0,
    1,
    2,
    3,
    4,
    5,
    6,
    7
  ],
  "best_scores": [
    11.5,
    81.0,
    31.0,
    43.5,
    125.5,
    190.5,
    368.0,
    218.0
  ],
  "mean_scores": [
    0.9,
    9.533333333333333,
    12.166666666666666,
    21.533333333333335,
    48.53333333333333,
    72.4,
    162.26666666666668,
    113.93333333333334
  ],
  "std_scores": [
    2.8763402673072833,
    21.388054817792316,
    10.961548957859723,
    11.379025539220054,
    29.553604781067833,
    50.62318309496812,
    105.69892252157646,
    59.67351915958107
  ],
  "noise_levels": [
    0.95,
    0.9025,
    0.8573749999999999,
    0.8145062499999999,
    0.7737809374999999,
    0.7350918906249998,
    0.6983372960937497,
    0.6634204312890623
  ],
  "elite_scores": [
    [
      11.5,
      2.0,
      0.0,
      0.0,
      0.0
    ],
    [
      81.0,
      35.5,
      19.0,
      6.5,
      0.5
    ],
    [
      31.0,
      24.5,
      24.5,
      23.0,
      20.5
    ],
    [
      43.5,
      34.5,
      34.0,
      30.0,
      29.0
    ],
    [
      125.5,
      91.0,
      84.5,
      55.0,
      54.0
    ],
    [
      190.5,
      142.5,
      136.5,
      117.0,
      88.0
    ],
    [
      368.0,
      315.0,
      253.5,
      240.5,
      221.0
    ],
    [
      218.0,
      196.5,
      185.5,
      154.5,
      145.0
    ]
  ],
  "population_diversity": [
    2.8763402673072833,
    21.388054817792316,
    10.961548957859723,
    11.379025539220054,
    29.553604781067833,
    50.62318309496812,
    105.69892252157646,
    59.67351915958107
  ],
  "weight_evolution": [
    [
      -0.16757401362788366,
      -0.6925839342523149,
      -0.17254771331101965,
      -0.27112292260862914,
      -1.0515489458835048,
      0.1501113724811348
    ],
    [
      0.21880548909538358,
      -0.4542979689304552,
      -1.691643310344429,
      -0.21519227122655948,
      -1.5888254250900415,
      0.39365031173052634
    ],
    [
      0.26553095871043325,
      -0.2603228169107714,
      -1.858543117338861,
      -0.24875630275853858,
      -1.9877713224457838,
      -0.22373244237976975
    ],
    [
      0.2573651844089643,
      -0.46236507535129867,
      -1.534056888548767,
      -0.16987168658943458,
      -1.93902972802287,
      -0.1651970556699331
    ],
    [
      0.2442206915704217,
      -0.6466210012448397,
      -1.0513577660567994,
      -0.15677333843461727,
      -1.9676289056396297,
      -0.13774094376594173
    ],
    [
      0.1927511847531674,
      -0.5020923089137556,
      -0.7048921384467788,
      -0.1734647764728205,
      -2.0682681532645013,
      -0.16423513650443977
    ],
    [
      0.22904882759529666,
      -0.5143910362821498,
      -0.5335790990929373,
      -0.09431024655630735,
      -2.0381871679451287,
      -0.2510535535881742
    ],
    [
      0.22328761255741475,
      -0.4521253161068174,
      -0.4882754744793066,
      -0.14384572833804327,
      -2.0734563340315577,
      -0.20485717708544415
    ]
  ],
  "convergence_metrics": [],
  "errors": [],
  "game_times": [
    0.3747288703918457,
    0.710116179784139,
    1.054264505704244,
    1.4865139325459797,
    3.32083527247111,
    4.969207525253296,
    10.69663458665212,
    10.844101111094156
  ],
  "parallel_efficiency": [
    3.9694611530056343,
    3.05693315275912,
    5.378763471117379,
    5.887966090768113,
    3.7631652608126664,
    4.586967724399209,
    6.946905469674151,
    6.309150991112222
  ],
  "total_training_time": 180.06158089637756,
  "interruption_point": {
    "generation": 7,
    "reason": "completed"
  }
}