{
  "feature_set": "dellacherie",
  "population_size": 15,
  "elite_size": 5,
  "noise_std": 0.6634204312890623,
  "noise_decay": 0.95,
  "n_processes": 8,
  "current_generation": 7,
  "mean": [
    0.22328761255741475,
    -0.4521253161068174,
    -0.4882754744793066,
    -0.14384572833804327,
    -2.0734563340315577,
    -0.20485717708544415
  ],
  "std": [
    0.1,
    0.1,
    0.12703129251402287,
    0.1,
    0.1071332144208659,
    0.1
  ],
  "interruption_reason": "completed",
  "timestamp": "20250814_111019"
}