{
  "feature_set": "dellacherie",
  "population_size": 15,
  "elite_size": 5,
  "noise_std": 0.95,
  "noise_decay": 0.95,
  "n_processes": 8,
  "current_generation": 0,
  "mean": [
    0.2188862710896618,
    0.7338815177719762,
    -0.1696113364063676,
    0.35701005622716825,
    0.21889475052022864,
    -0.0026666060404415106
  ],
  "std": [
    0.3249104214467978,
    1.05520431474186,
    1.1248490709394443,
    0.8284346628678623,
    0.6849907943658538,
    0.6458781761368683
  ],
  "interruption_reason": "periodic_save",
  "timestamp": "20250814_132305"
}