{
  "generations": [
    0,
    1
  ],
  "best_scores": [
    12.4,
    11.8
  ],
  "mean_scores": [
    1.1400000000000001,
    1.0
  ],
  "std_scores": [
    3.37585544714225,
    2.750999818247904
  ],
  "noise_levels": [
    0.995,
    0.990025
  ],
  "elite_scores": [
    [
      12.4,
      10.0,
      0.4,
      0.0,
      0.0,
      0.0,
      0.0,
      0.0
    ],
    [
      11.8,
      4.2,
      3.8,
      0.2,
      0.0,
      0.0,
      0.0,
      0.0
    ]
  ],
  "population_diversity": [
    3.37585544714225,
    2.750999818247904
  ],
  "weight_evolution": [
    [
      0.21983164190367097,
      -0.14320254366654955,
      -0.07403894005729564,
      0.393294544292763,
      -0.10719381343503682,
      -0.2184587172795691
    ],
    [
      0.271425597433558,
      0.550544115691544,
      -0.4614967192177598,
      0.35566071668689203,
      0.01673711798054813,
      -0.6655150311646095
    ]
  ],
  "convergence_metrics": [],
  "errors": [],
  "game_times": [
    5.496508169174194,
    6.280326278209687
  ],
  "parallel_efficiency": [
    9.738128694356663,
    9.383523085409934
  ],
  "total_training_time": 0
}