{
  "feature_set": "dellacherie",
  "population_size": 20,
  "elite_size": 8,
  "noise_std": 0.990025,
  "noise_decay": 0.995,
  "n_processes": 16,
  "current_generation": 1,
  "mean": [
    0.271425597433558,
    0.550544115691544,
    -0.4614967192177598,
    0.35566071668689203,
    0.01673711798054813,
    -0.6655150311646095
  ],
  "std": [
    0.6335948173552358,
    0.6678691475371858,
    0.6611090011079662,
    0.7722795903694186,
    0.5708053901280069,
    0.49828357533778717
  ],
  "interruption_reason": "periodic_save",
  "timestamp": "20250814_005735"
}