{
  "generations": [
    0
  ],
  "best_scores": [
    1.0
  ],
  "mean_scores": [
    0.06666666666666667
  ],
  "std_scores": [
    0.24944382578492943
  ],
  "noise_levels": [
    0.95
  ],
  "elite_scores": [
    [
      1.0,
      0.0,
      0.0,
      0.0,
      0.0
    ]
  ],
  "population_diversity": [
    0.24944382578492943
  ],
  "weight_evolution": [
    [
      0.4594199800368924,
      -0.5962293490238123,
      -0.06239570034327491,
      -0.6930557343574765,
      -0.15342660141171827,
      0.18156667768516127
    ]
  ],
  "convergence_metrics": [],
  "errors": [],
  "game_times": [
    0.32643884817759194
  ],
  "parallel_efficiency": [
    4.204783125471721
  ],
  "total_training_time": 0
}