{
  "feature_set": "dellacherie",
  "population_size": 15,
  "elite_size": 5,
  "noise_std": 0.95,
  "noise_decay": 0.95,
  "n_processes": 8,
  "current_generation": 0,
  "mean": [
    0.4594199800368924,
    -0.5962293490238123,
    -0.06239570034327491,
    -0.6930557343574765,
    -0.15342660141171827,
    0.18156667768516127
  ],
  "std": [
    0.6118176486663945,
    0.9351836827135104,
    0.7629383095718285,
    0.5962851117464419,
    0.8340270930790218,
    1.5401117389385555
  ],
  "interruption_reason": "periodic_save",
  "timestamp": "20250814_132051"
}