{
  "feature_set": "dellacherie",
  "population_size": 15,
  "elite_size": 5,
  "noise_std": 0.95,
  "noise_decay": 0.95,
  "n_processes": 8,
  "current_generation": 1,
  "mean": [
    -0.34783614267157537,
    0.3763319746707801,
    -0.4561144721911897,
    -0.519999172010996,
    -0.7207302427551993,
    0.25522771076586326
  ],
  "std": [
    0.856853615447656,
    0.7625014531018598,
    0.40589818455368154,
    0.9073336756279247,
    1.0248652327852306,
    0.630865328858108
  ],
  "interruption_reason": "periodic_save",
  "timestamp": "20250814_134721"
}