{
  "feature_set": "dellacherie",
  "population_size": 18,
  "elite_size": 4,
  "noise_std": 0.9732096,
  "noise_decay": 0.96,
  "n_processes": 8,
  "current_generation": 2,
  "mean": [
    -0.566176027418997,
    -0.7680137308698389,
    -1.2753572451718387,
    -0.5146508417471498,
    -1.1440501851526514,
    -0.5229755966365675
  ],
  "std": [
    0.49189178034590597,
    0.1,
    0.8491632723882414,
    0.26858391643559204,
    0.1,
    0.1424766475134767
  ],
  "interruption_reason": "periodic_save",
  "timestamp": "20250814_120400"
}