{
  "generations": [
    0,
    1,
    2
  ],
  "best_scores": [
    3.0,
    14.0,
    26.5
  ],
  "mean_scores": [
    0.16666666666666666,
    1.3611111111111112,
    9.666666666666666
  ],
  "std_scores": [
    0.6871842709362769,
    3.3739424497642205,
    7.859884081701064
  ],
  "noise_levels": [
    1.056,
    1.01376,
    0.9732096
  ],
  "elite_scores": [
    [
      3.0,
      0.0,
      0.0,
      0.0
    ],
    [
      14.0,
      6.0,
      2.0,
      1.0
    ],
    [
      26.5,
      23.5,
      18.5,
      17.0
    ]
  ],
  "population_diversity": [
    0.6871842709362769,
    3.3739424497642205,
    7.859884081701064
  ],
  "weight_evolution": [
    [
      -0.3283453888634444,
      -0.6084803318697911,
      -0.3661098661938331,
      -0.14935143949221272,
      -0.21329311326321776,
      0.39705960153812897
    ],
    [
      -0.5660547568330709,
      -0.6557775822712828,
      -1.2848505508542933,
      -0.2419315168475481,
      -0.8743235095139474,
      -0.6599246119040004
    ],
    [
      -0.566176027418997,
      -0.7680137308698389,
      -1.2753572451718387,
      -0.5146508417471498,
      -1.1440501851526514,
      -0.5229755966365675
    ]
  ],
  "convergence_metrics": [],
  "errors": [],
  "game_times": [
    0.29424413045247394,
    0.4131871991687351,
    0.9620005951987373
  ],
  "parallel_efficiency": [
    4.701652617596936,
    4.492032746838976,
    6.087652215166531
  ],
  "total_training_time": 0
}