{
  "feature_set": "dellacherie",
  "population_size": 20,
  "elite_size": 4,
  "noise_std": 0.6634204312890623,
  "noise_decay": 0.95,
  "n_processes": 8,
  "current_generation": 7,
  "mean": [
    -0.47607659731097235,
    1.6146235345565405,
    -0.1723172372334744,
    0.3109980916293881,
    -3.424239100721274,
    -0.33234123749242533
  ],
  "std": [
    0.1,
    0.10732926799707936,
    0.1262799360350869,
    0.12316468295474947,
    0.2862378453930666,
    0.1
  ],
  "interruption_reason": "periodic_save",
  "timestamp": "20250814_112616"
}