{
  "feature_set": "dellacherie",
  "population_size": 15,
  "elite_size": 5,
  "noise_std": 0.8573749999999999,
  "noise_decay": 0.95,
  "n_processes": 8,
  "current_generation": 2,
  "mean": [
    1.034196895484082,
    -0.17708655340469737,
    0.06992144387352386,
    0.42347740049346083,
    -0.057669277825452434,
    -0.318085750275695
  ],
  "std": [
    0.24770376683792433,
    0.1,
    0.455252925195922,
    1.1043257488348102,
    0.659024269840173,
    0.2721678158968425
  ],
  "interruption_reason": "periodic_save",
  "timestamp": "20250814_125737"
}