{
  "generations": [
    0,
    1,
    2
  ],
  "best_scores": [
    2.5,
    11.5,
    0.5
  ],
  "mean_scores": [
    0.2,
    0.9333333333333333,
    0.03333333333333333
  ],
  "std_scores": [
    0.6271629240742259,
    2.8917507192395093,
    0.12472191289246472
  ],
  "noise_levels": [
    0.95,
    0.9025,
    0.8573749999999999
  ],
  "elite_scores": [
    [
      2.5,
      0.5,
      0.0,
      0.0,
      0.0
    ],
    [
      11.5,
      2.5,
      0.0,
      0.0,
      0.0
    ],
    [
      0.5,
      0.0,
      0.0,
      0.0,
      0.0
    ]
  ],
  "population_diversity": [
    0.6271629240742259,
    2.8917507192395093,
    0.12472191289246472
  ],
  "weight_evolution": [
    [
      0.01127532831476068,
      0.047847393044304035,
      -0.16466184505560524,
      -0.3786865131265697,
      -0.010565352143226781,
      -0.22446876707815458
    ],
    [
      0.9852787037996169,
      -0.15594916019403154,
      0.0011812538174066135,
      0.47058113941164786,
      -0.025824491184386567,
      -0.31157966372541224
    ],
    [
      1.034196895484082,
      -0.17708655340469737,
      0.06992144387352386,
      0.42347740049346083,
      -0.057669277825452434,
      -0.318085750275695
    ]
  ],
  "convergence_metrics": [],
  "errors": [],
  "game_times": [
    0.3271719296773275,
    0.3379108349482218,
    0.3393678108851115
  ],
  "parallel_efficiency": [
    4.016444416823312,
    4.079956608683637,
    4.060191059970947
  ],
  "total_training_time": 0
}