{
  "feature_set": "dellacherie",
  "population_size": 28,
  "elite_size": 3,
  "noise_std": 1.0409507559747349,
  "noise_decay": 0.98,
  "n_processes": 8,
  "current_generation": 10,
  "mean": [
    1.0286145614514859,
    -1.7727730322564443,
    -1.4847647598156548,
    -0.730821483726333,
    -2.075304165580413,
    0.051791952799350054
  ],
  "std": [
    0.28648557469907093,
    0.15014779139464599,
    0.1,
    0.1,
    0.1,
    0.1
  ],
  "interruption_reason": "periodic_save",
  "timestamp": "20250814_114415"
}