{
  "feature_set": "dellacherie",
  "population_size": 15,
  "elite_size": 5,
  "noise_std": 0.9025,
  "noise_decay": 0.95,
  "n_processes": 8,
  "current_generation": 1,
  "mean": [
    0.21880548909538358,
    -0.4542979689304552,
    -1.691643310344429,
    -0.21519227122655948,
    -1.5888254250900415,
    0.39365031173052634
  ],
  "std": [
    0.21730555432356718,
    0.7122684165274146,
    0.8890606980342903,
    0.24590855054917346,
    0.624862872628413,
    1.1472183099687498
  ],
  "interruption_reason": "periodic_save",
  "timestamp": "20250814_110729"
}