{
  "generations": [
    0,
    1
  ],
  "best_scores": [
    11.5,
    81.0
  ],
  "mean_scores": [
    0.9,
    9.533333333333333
  ],
  "std_scores": [
    2.8763402673072833,
    21.388054817792316
  ],
  "noise_levels": [
    0.95,
    0.9025
  ],
  "elite_scores": [
    [
      11.5,
      2.0,
      0.0,
      0.0,
      0.0
    ],
    [
      81.0,
      35.5,
      19.0,
      6.5,
      0.5
    ]
  ],
  "population_diversity": [
    2.8763402673072833,
    21.388054817792316
  ],
  "weight_evolution": [
    [
      -0.16757401362788366,
      -0.6925839342523149,
      -0.17254771331101965,
      -0.27112292260862914,
      -1.0515489458835048,
      0.1501113724811348
    ],
    [
      0.21880548909538358,
      -0.4542979689304552,
      -1.691643310344429,
      -0.21519227122655948,
      -1.5888254250900415,
      0.39365031173052634
    ]
  ],
  "convergence_metrics": [],
  "errors": [],
  "game_times": [
    0.3747288703918457,
    0.710116179784139
  ],
  "parallel_efficiency": [
    3.9694611530056343,
    3.05693315275912
  ],
  "total_training_time": 0
}