{
  "generations": [
    1,
    2
  ],
  "best_scores": [
    22.5,
    5.0
  ],
  "mean_scores": [
    1.5,
    0.3333333333333333
  ],
  "std_scores": [
    5.612486080160912,
    1.2472191289246473
  ],
  "noise_levels": [
    0.95,
    0.9025
  ],
  "elite_scores": [
    [
      22.5,
      0.0,
      0.0,
      0.0,
      0.0
    ],
    [
      5.0,
      0.0,
      0.0,
      0.0,
      0.0
    ]
  ],
  "population_diversity": [
    5.612486080160912,
    1.2472191289246473
  ],
  "weight_evolution": [
    [
      0.06856650330952652,
      -0.4733759009883647,
      0.15201442979508029,
      -0.43386402995675394,
      0.11260845510383351,
      -0.6542961516728257
    ],
    [
      0.7928122722997514,
      -0.7985340510629038,
      -0.022790427184841634,
      0.8033042625459927,
      -0.24873122233586953,
      -0.9178909157946276
    ]
  ],
  "convergence_metrics": [],
  "errors": [],
  "game_times": [
    0.43590563933054605,
    0.30884304841359456
  ],
  "parallel_efficiency": [
    3.303974820466738,
    3.663053236148218
  ],
  "total_training_time": 0
}