{
  "feature_set": "dellacherie",
  "population_size": 15,
  "elite_size": 5,
  "noise_std": 0.9025,
  "noise_decay": 0.95,
  "n_processes": 8,
  "current_generation": 2,
  "mean": [
    0.7928122722997514,
    -0.7985340510629038,
    -0.022790427184841634,
    0.8033042625459927,
    -0.24873122233586953,
    -0.9178909157946276
  ],
  "std": [
    0.3641870893051884,
    0.5101458277898326,
    0.6150137004673887,
    0.941226064367726,
    1.091138937428047,
    1.2412132533362503
  ],
  "interruption_reason": "periodic_save",
  "timestamp": "20250814_135305"
}