{
  "generations": [
    0,
    1,
    2
  ],
  "best_scores": [
    2.5,
    7.5,
    80.5
  ],
  "mean_scores": [
    0.3333333333333333,
    0.6666666666666666,
    9.1
  ],
  "std_scores": [
    0.8498365855987973,
    1.8767584347012327,
    21.0168186618876
  ],
  "noise_levels": [
    0.95,
    0.9025,
    0.8573749999999999
  ],
  "elite_scores": [
    [
      2.5,
      2.5,
      0.0,
      0.0,
      0.0
    ],
    [
      7.5,
      1.5,
      1.0,
      0.0,
      0.0
    ],
    [
      80.5,
      26.5,
      26.0,
      3.0,
      0.5
    ]
  ],
  "population_diversity": [
    0.8498365855987973,
    1.8767584347012327,
    21.0168186618876
  ],
  "weight_evolution": [
    [
      -0.36748749155768906,
      0.35497702076145643,
      -0.5754780658783026,
      1.045138164083769,
      -0.15532042018880549,
      0.7065229146626577
    ],
    [
      0.1038481456992465,
      0.7066838959663234,
      -0.5797624934894173,
      0.8478723078085337,
      -0.6128067354216731,
      -0.38330387963872764
    ],
    [
      0.3715238795866642,
      0.4834460689785767,
      -0.5410955168267831,
      -0.24980519238038906,
      -1.8456579800618946,
      -0.3248416914196442
    ]
  ],
  "convergence_metrics": [],
  "errors": [],
  "game_times": [
    0.3567583799362183,
    0.41856640179951987,
    1.8989856004714967
  ],
  "parallel_efficiency": [
    4.651792973595284,
    4.711942593358349,
    2.2623391557862673
  ],
  "total_training_time": 0
}