{
  "feature_set": "dellacherie",
  "population_size": 15,
  "elite_size": 5,
  "noise_std": 0.8573749999999999,
  "noise_decay": 0.95,
  "n_processes": 8,
  "current_generation": 2,
  "mean": [
    0.3715238795866642,
    0.4834460689785767,
    -0.5410955168267831,
    -0.24980519238038906,
    -1.8456579800618946,
    -0.3248416914196442
  ],
  "std": [
    0.29391089987739794,
    0.5508657863990158,
    0.12398868690509386,
    0.41989221567754526,
    1.0619632854638648,
    0.7147756137513066
  ],
  "interruption_reason": "periodic_save",
  "timestamp": "20250814_124038"
}