{
  "feature_set": "dellacherie",
  "population_size": 15,
  "elite_size": 5,
  "noise_std": 0.95,
  "noise_decay": 0.95,
  "n_processes": 8,
  "current_generation": 0,
  "mean": [
    -0.4008269977461142,
    -0.4204093354629704,
    -0.422383590425388,
    -0.41659510193644184,
    -0.5618310006237606,
    -0.258869401995424
  ],
  "std": [
    0.19440993827755873,
    0.5403793445356635,
    1.1675545681374317,
    1.4970234724994056,
    0.28599451156621186,
    1.094347861986107
  ],
  "interruption_reason": "periodic_save",
  "timestamp": "20250814_131507"
}