{
  "generations": [
    0
  ],
  "best_scores": [
    3.5
  ],
  "mean_scores": [
    0.3
  ],
  "std_scores": [
    0.8717797887081347
  ],
  "noise_levels": [
    0.95
  ],
  "elite_scores": [
    [
      3.5,
      0.5,
      0.5,
      0.0,
      0.0
    ]
  ],
  "population_diversity": [
    0.8717797887081347
  ],
  "weight_evolution": [
    [
      -0.4008269977461142,
      -0.4204093354629704,
      -0.422383590425388,
      -0.41659510193644184,
      -0.5618310006237606,
      -0.258869401995424
    ]
  ],
  "convergence_metrics": [],
  "errors": [],
  "game_times": [
    0.36805742581685386
  ],
  "parallel_efficiency": [
    4.498889468720748
  ],
  "total_training_time": 0
}