{
  "feature_set": "dellacherie",
  "population_size": 15,
  "elite_size": 5,
  "noise_std": 0.8145062499999999,
  "noise_decay": 0.95,
  "n_processes": 8,
  "current_generation": 3,
  "mean": [
    0.3131150593629156,
    0.4390140715708193,
    -0.4985169705626051,
    -0.31374651817308097,
    -1.9747044570515864,
    -0.3913491449959118
  ],
  "std": [
    0.17385157269779136,
    0.30745850150003123,
    0.1354720072037224,
    0.3267995855968445,
    0.7047512834122278,
    0.22067558853448235
  ],
  "interruption_reason": "periodic_save",
  "timestamp": "20250814_124113"
}