{
  "feature_set": "dellacherie",
  "population_size": 15,
  "elite_size": 5,
  "noise_std": 0.9025,
  "noise_decay": 0.95,
  "n_processes": 8,
  "current_generation": 1,
  "mean": [
    0.9852787037996169,
    -0.15594916019403154,
    0.0011812538174066135,
    0.47058113941164786,
    -0.025824491184386567,
    -0.31157966372541224
  ],
  "std": [
    0.49024366495684324,
    0.12087769697445878,
    0.42331698893015146,
    1.078943888823333,
    0.8092952210011024,
    0.3493803437797317
  ],
  "interruption_reason": "periodic_save",
  "timestamp": "20250814_125735"
}