{
  "feature_set": "dellacherie",
  "population_size": 15,
  "elite_size": 5,
  "noise_std": 0.9025,
  "noise_decay": 0.95,
  "n_processes": 8,
  "current_generation": 1,
  "mean": [
    0.6692329142264797,
    0.1940394575460065,
    0.5849761261277515,
    0.0495893884568978,
    -0.43804106413250743,
    0.927112520472361
  ],
  "std": [
    0.446186997674664,
    1.1816699543803526,
    0.7977531055327549,
    0.6731136079291951,
    0.6874725262224034,
    0.3648135058938837
  ],
  "interruption_reason": "periodic_save",
  "timestamp": "20250814_134459"
}