{
  "generations": [
    0,
    1
  ],
  "best_scores": [
    31.0,
    1.5
  ],
  "mean_scores": [
    2.1,
    0.1
  ],
  "std_scores": [
    7.724851670636357,
    0.37416573867739394
  ],
  "noise_levels": [
    0.95,
    0.9025
  ],
  "elite_scores": [
    [
      31.0,
      0.5,
      0.0,
      0.0,
      0.0
    ],
    [
      1.5,
      0.0,
      0.0,
      0.0,
      0.0
    ]
  ],
  "population_diversity": [
    7.724851670636357,
    0.37416573867739394
  ],
  "weight_evolution": [
    [
      -0.13865811341146103,
      0.26871778559204557,
      -0.3540475966847045,
      0.23157651852126843,
      -0.9170332022037802,
      0.44688239968940263
    ],
    [
      0.6692329142264797,
      0.1940394575460065,
      0.5849761261277515,
      0.0495893884568978,
      -0.43804106413250743,
      0.927112520472361
    ]
  ],
  "convergence_metrics": [],
  "errors": [],
  "game_times": [
    0.3819852590560913,
    0.30472981135050453
  ],
  "parallel_efficiency": [
    2.5139038640583364,
    4.133205965011223
  ],
  "total_training_time": 0
}