{
  "feature_set": "dellacherie",
  "population_size": 15,
  "elite_size": 5,
  "noise_std": 0.6634204312890623,
  "noise_decay": 0.95,
  "n_processes": 8,
  "current_generation": 7,
  "mean": [
    -0.4761250523191361,
    -0.2925272339532868,
    -1.1375776978279513,
    -0.05008083534994119,
    -1.155416213734481,
    0.15661752282440125
  ],
  "std": [
    0.1,
    0.10997553306897713,
    0.12001823622682913,
    0.1,
    0.21439328205087185,
    0.1
  ],
  "interruption_reason": "completed",
  "timestamp": "20250814_131540"
}