{
  "generations": [
    0,
    1,
    2,
    3,
    4,
    5,
    6,
    7
  ],
  "best_scores": [
    3.5,
    7.5,
    5.5,
    21.0,
    27.5,
    24.5,
    24.0,
    35.0
  ],
  "mean_scores": [
    0.3,
    0.7,
    0.8666666666666667,
    4.466666666666667,
    5.366666666666666,
    7.066666666666666,
    11.533333333333333,
    15.066666666666666
  ],
  "std_scores": [
    0.8717797887081347,
    1.92180470738661,
    1.6275407487644935,
    5.149325737954005,
    6.456177059392207,
    6.120639037079561,
    5.728486323240682,
    10.77785796075557
  ],
  "noise_levels": [
    0.95,
    0.9025,
    0.8573749999999999,
    0.8145062499999999,
    0.7737809374999999,
    0.7350918906249998,
    0.6983372960937497,
    0.6634204312890623
  ],
  "elite_scores": [
    [
      3.5,
      0.5,
      0.5,
      0.0,
      0.0
    ],
    [
      7.5,
      2.5,
      0.5,
      0.0,
      0.0
    ],
    [
      5.5,
      3.5,
      2.5,
      1.5,
      0.0
    ],
    [
      21.0,
      9.5,
      6.5,
      5.5,
      4.5
    ],
    [
      27.5,
      10.5,
      8.0,
      5.0,
      4.5
    ],
    [
      24.5,
      13.0,
      11.0,
      10.0,
      9.0
    ],
    [
      24.0,
      18.0,
      17.0,
      16.0,
      16.0
    ],
    [
      35.0,
      34.0,
      32.5,
      21.5,
      18.5
    ]
  ],
  "population_diversity": [
    0.8717797887081347,
    1.92180470738661,
    1.6275407487644935,
    5.149325737954005,
    6.456177059392207,
    6.120639037079561,
    5.728486323240682,
    10.77785796075557
  ],
  "weight_evolution": [
    [
      -0.4008269977461142,
      -0.4204093354629704,
      -0.422383590425388,
      -0.41659510193644184,
      -0.5618310006237606,
      -0.258869401995424
    ],
    [
      -0.3217936322558283,
      -0.23474266576441288,
      -1.0635198053532926,
      -1.0951760757495363,
      -0.5030615698635368,
      -0.15472246590392463
    ],
    [
      -0.3729936067932003,
      -0.18039518569721694,
      -0.9154837284759576,
      -0.2741309512930199,
      -0.5231155837738362,
      -0.2699290387184023
    ],
    [
      -0.41812309347121507,
      -0.263384471713866,
      -1.4290679789542744,
      0.03310477010894176,
      -0.6714487580785666,
      0.11694448638588426
    ],
    [
      -0.3809947980637027,
      -0.2998070296309687,
      -1.3757412770692334,
      0.18496974696567708,
      -0.8959007951808153,
      0.20728057322248797
    ],
    [
      -0.3835713848070173,
      -0.2751340828947864,
      -1.3456400531565855,
      -0.02539774772490422,
      -0.8808507845783129,
      0.2873611282363887
    ],
    [
      -0.4164989903381982,
      -0.3120747025240446,
      -1.1924013011942856,
      -0.031910068408930584,
      -0.9355368043031396,
      0.19177436379611348
    ],
    [
      -0.4761250523191361,
      -0.2925272339532868,
      -1.1375776978279513,
      -0.05008083534994119,
      -1.155416213734481,
      0.15661752282440125
    ]
  ],
  "convergence_metrics": [],
  "errors": [],
  "game_times": [
    0.36805742581685386,
    0.41812453269958494,
    0.47900245189666746,
    0.697094202041626,
    0.8560872077941895,
    0.9540167093276978,
    1.1559974670410156,
    1.3330273628234863
  ],
  "parallel_efficiency": [
    4.498889468720748,
    4.589134446401787,
    4.954247779885505,
    5.451434642199289,
    5.514885614735523,
    5.299455610142432,
    5.733916997240305,
    5.80767852318317
  ],
  "total_training_time": 34.93713164329529,
  "interruption_point": {
    "generation": 7,
    "reason": "completed"
  }
}