{
  "generations": [
    0,
    1,
    2,
    3
  ],
  "best_scores": [
    4.5,
    24.0,
    51.5,
    93.0
  ],
  "mean_scores": [
    0.35714285714285715,
    5.517857142857143,
    15.017857142857142,
    29.25
  ],
  "std_scores": [
    0.9435603438302076,
    7.077986677591535,
    13.83285564907562,
    15.538259233260334
  ],
  "noise_levels": [
    1.274,
    1.24852,
    1.2235496000000001,
    1.1990786080000002
  ],
  "elite_scores": [
    [
      4.5,
      2.5,
      1.0
    ],
    [
      24.0,
      21.5,
      18.5
    ],
    [
      51.5,
      47.5,
      33.5
    ],
    [
      93.0,
      56.5,
      45.0
    ]
  ],
  "population_diversity": [
    0.9435603438302076,
    7.077986677591535,
    13.83285564907562,
    15.538259233260334
  ],
  "weight_evolution": [
    [
      -0.19143295991264653,
      -0.7604743069227983,
      -1.5377561928812502,
      -0.09569376174271267,
      -1.281306849994235,
      -0.9861517007505337
    ],
    [
      1.3716066071511965,
      -0.9379875054810078,
      -1.5322609047363216,
      -0.42462503907023663,
      -1.6674084194366838,
      -1.1627037578220976
    ],
    [
      1.5207956245283265,
      -0.6127797698778038,
      -1.5977233040390175,
      -0.19650876408955786,
      -1.939627681920464,
      -0.35827362172364224
    ],
    [
      1.6080217473059948,
      -0.29330754970900735,
      -1.527976520485996,
      -0.18830273270567932,
      -2.0826328357396546,
      -0.39223719379405425
    ]
  ],
  "convergence_metrics": [],
  "errors": [],
  "game_times": [
    0.31317763669150217,
    0.7848289949553353,
    1.1824956664017268,
    1.9445375033787318
  ],
  "parallel_efficiency": [
    4.925207692430273,
    6.749633146716013,
    6.955865236841345,
    7.114685797885831
  ],
  "total_training_time": 0
}