{
  "feature_set": "dellacherie",
  "population_size": 28,
  "elite_size": 3,
  "noise_std": 1.1990786080000002,
  "noise_decay": 0.98,
  "n_processes": 8,
  "current_generation": 3,
  "mean": [
    1.6080217473059948,
    -0.29330754970900735,
    -1.527976520485996,
    -0.18830273270567932,
    -2.0826328357396546,
    -0.39223719379405425
  ],
  "std": [
    0.9815531958803408,
    1.530337276482849,
    0.12337623631661915,
    0.15003544405971328,
    0.1,
    0.14165278550720778
  ],
  "interruption_reason": "periodic_save",
  "timestamp": "20250814_114116"
}