{
  "feature_set": "dellacherie",
  "population_size": 15,
  "elite_size": 5,
  "noise_std": 0.7737809374999999,
  "noise_decay": 0.95,
  "n_processes": 8,
  "current_generation": 4,
  "mean": [
    1.1189696511064038,
    -0.12815142628144502,
    -0.04512021490828447,
    0.3711375089877561,
    -0.8809649178782678,
    -0.47955120935341694
  ],
  "std": [
    0.12382082573816221,
    0.11320068350312767,
    0.13434343332190377,
    0.1,
    0.17610743443311486,
    0.12991607590260426
  ],
  "interruption_reason": "periodic_save",
  "timestamp": "20250814_125745"
}