{
  "feature_set": "dellacherie",
  "population_size": 15,
  "elite_size": 5,
  "noise_std": 0.6634204312890623,
  "noise_decay": 0.95,
  "n_processes": 8,
  "current_generation": 7,
  "mean": [
    0.8030221498247101,
    0.9972033633750348,
    -1.4581173104792138,
    0.03863142577707716,
    -0.6021552970962741,
    0.6203676846736675
  ],
  "std": [
    0.1,
    0.6138520974918678,
    0.3231977599859905,
    0.1,
    0.1,
    0.1
  ],
  "interruption_reason": "completed",
  "timestamp": "20250814_134524"
}