{
  "generations": [
    0,
    1,
    2,
    3,
    4,
    5,
    6
  ],
  "best_scores": [
    31.0,
    1.5,
    0.5,
    7.0,
    13.5,
    7.0,
    13.5
  ],
  "mean_scores": [
    2.1,
    0.1,
    0.06666666666666667,
    1.1333333333333333,
    3.433333333333333,
    3.6,
    4.266666666666667
  ],
  "std_scores": [
    7.724851670636357,
    0.37416573867739394,
    0.1699673171197595,
    2.2395436042987766,
    4.346901834129171,
    2.1150256105620406,
    3.986923068677844
  ],
  "noise_levels": [
    0.95,
    0.9025,
    0.8573749999999999,
    0.8145062499999999,
    0.7737809374999999,
    0.7350918906249998,
    0.6983372960937497
  ],
  "elite_scores": [
    [
      31.0,
      0.5,
      0.0,
      0.0,
      0.0
    ],
    [
      1.5,
      0.0,
      0.0,
      0.0,
      0.0
    ],
    [
      0.5,
      0.5,
      0.0,
      0.0,
      0.0
    ],
    [
      7.0,
      5.0,
      4.5,
      0.5,
      0.0
    ],
    [
      13.5,
      9.5,
      8.0,
      7.5,
      7.0
    ],
    [
      7.0,
      6.5,
      6.0,
      5.5,
      5.0
    ],
    [
      13.5,
      12.0,
      8.0,
      6.0,
      5.0
    ]
  ],
  "population_diversity": [
    7.724851670636357,
    0.37416573867739394,
    0.1699673171197595,
    2.2395436042987766,
    4.346901834129171,
    2.1150256105620406,
    3.986923068677844
  ],
  "weight_evolution": [
    [
      -0.13865811341146103,
      0.26871778559204557,
      -0.3540475966847045,
      0.23157651852126843,
      -0.9170332022037802,
      0.44688239968940263
    ],
    [
      0.6692329142264797,
      0.1940394575460065,
      0.5849761261277515,
      0.0495893884568978,
      -0.43804106413250743,
      0.927112520472361
    ],
    [
      0.8063168828399766,
      0.35289690638621707,
      0.3695072802442332,
      0.1630704175675854,
      -0.507826827489261,
      0.6572079397985774
    ],
    [
      0.7446917500305837,
      -0.04083045089881798,
      -0.8058177615299215,
      0.024778315483996345,
      -0.7923137794032021,
      0.6448979394482688
    ],
    [
      0.8086130167452319,
      0.11863079620291783,
      -1.9519554554276268,
      0.02649500268504399,
      -0.6184777551601259,
      0.7400762228794662
    ],
    [
      0.8127466752367036,
      0.47239149025333277,
      -1.8743836602420576,
      0.034689314947620876,
      -0.6103104229986458,
      0.68220292773704
    ],
    [
      0.8033076222332001,
      0.8577688004333591,
      -1.498310881167915,
      0.04220250925844325,
      -0.6253465709820217,
      0.6559857054857011
    ]
  ],
  "convergence_metrics": [],
  "errors": [],
  "game_times": [
    0.3819852590560913,
    0.30472981135050453,
    0.33881800969441733,
    0.4775633414586385,
    0.6919670979181926,
    0.8545366923014323,
    0.9349419037501018
  ],
  "parallel_efficiency": [
    2.5139038640583364,
    4.133205965011223,
    4.005754025915479,
    4.295824402669599,
    5.21958446958366,
    5.394607910646024,
    5.802693341821116
  ],
  "total_training_time": 0
}