{
  "feature_set": "dellacherie",
  "population_size": 15,
  "elite_size": 5,
  "noise_std": 0.6983372960937497,
  "noise_decay": 0.95,
  "n_processes": 8,
  "current_generation": 6,
  "mean": [
    0.8033076222332001,
    0.8577688004333591,
    -1.498310881167915,
    0.04220250925844325,
    -0.6253465709820217,
    0.6559857054857011
  ],
  "std": [
    0.1217769922770728,
    0.7445789077720553,
    0.38526959279338285,
    0.1,
    0.10932321249206947,
    0.11738738706623869
  ],
  "interruption_reason": "periodic_save",
  "timestamp": "20250814_134519"
}