{
  "feature_set": "dellacherie",
  "population_size": 15,
  "elite_size": 5,
  "noise_std": 0.7350918906249998,
  "noise_decay": 0.95,
  "n_processes": 8,
  "current_generation": 5,
  "mean": [
    0.22443759960186,
    0.505763168469415,
    -0.5743435558909479,
    -0.19162611202951285,
    -2.485790283114736,
    -0.4192862651589701
  ],
  "std": [
    0.12084249854530855,
    0.15598034357822244,
    0.1,
    0.12872004065221695,
    0.38217211568564274,
    0.1396583905808924
  ],
  "interruption_reason": "periodic_save",
  "timestamp": "20250814_124328"
}