{
  "generations": [
    0,
    1,
    2,
    3,
    4,
    5
  ],
  "best_scores": [
    2.5,
    7.5,
    80.5,
    149.0,
    254.0,
    307.0
  ],
  "mean_scores": [
    0.3333333333333333,
    0.6666666666666666,
    9.1,
    37.7,
    74.96666666666667,
    139.06666666666666
  ],
  "std_scores": [
    0.8498365855987973,
    1.8767584347012327,
    21.0168186618876,
    48.52621284762837,
    85.58980988152477,
    84.20508034290778
  ],
  "noise_levels": [
    0.95,
    0.9025,
    0.8573749999999999,
    0.8145062499999999,
    0.7737809374999999,
    0.7350918906249998
  ],
  "elite_scores": [
    [
      2.5,
      2.5,
      0.0,
      0.0,
      0.0
    ],
    [
      7.5,
      1.5,
      1.0,
      0.0,
      0.0
    ],
    [
      80.5,
      26.5,
      26.0,
      3.0,
      0.5
    ],
    [
      149.0,
      143.5,
      79.0,
      63.5,
      45.0
    ],
    [
      254.0,
      213.5,
      182.0,
      163.0,
      114.0
    ],
    [
      307.0,
      216.0,
      214.5,
      200.5,
      197.5
    ]
  ],
  "population_diversity": [
    0.8498365855987973,
    1.8767584347012327,
    21.0168186618876,
    48.52621284762837,
    85.58980988152477,
    84.20508034290778
  ],
  "weight_evolution": [
    [
      -0.36748749155768906,
      0.35497702076145643,
      -0.5754780658783026,
      1.045138164083769,
      -0.15532042018880549,
      0.7065229146626577
    ],
    [
      0.1038481456992465,
      0.7066838959663234,
      -0.5797624934894173,
      0.8478723078085337,
      -0.6128067354216731,
      -0.38330387963872764
    ],
    [
      0.3715238795866642,
      0.4834460689785767,
      -0.5410955168267831,
      -0.24980519238038906,
      -1.8456579800618946,
      -0.3248416914196442
    ],
    [
      0.3131150593629156,
      0.4390140715708193,
      -0.4985169705626051,
      -0.31374651817308097,
      -1.9747044570515864,
      -0.3913491449959118
    ],
    [
      0.23473119256328484,
      0.45998858875770293,
      -0.5909590829837451,
      -0.061836142203314806,
      -2.5041112474413008,
      -0.3936139863073803
    ],
    [
      0.22443759960186,
      0.505763168469415,
      -0.5743435558909479,
      -0.19162611202951285,
      -2.485790283114736,
      -0.4192862651589701
    ]
  ],
  "convergence_metrics": [],
  "errors": [],
  "game_times": [
    0.3567583799362183,
    0.41856640179951987,
    1.8989856004714967,
    4.025714834531148,
    16.61284475326538,
    8.550318868954976
  ],
  "parallel_efficiency": [
    4.651792973595284,
    4.711942593358349,
    2.2623391557862673,
    3.4320436399887924,
    5.183606219440798,
    6.558980084204943
  ],
  "total_training_time": 0
}