{
  "feature_set": "dellacherie",
  "population_size": 15,
  "elite_size": 5,
  "noise_std": 0.6634204312890623,
  "noise_decay": 0.95,
  "n_processes": 8,
  "current_generation": 7,
  "mean": [
    0.3522148412773162,
    0.4737344444060046,
    -0.5756566272544937,
    -0.2727709435041872,
    -2.78423169694216,
    -0.347946418114523
  ],
  "std": [
    0.13214166767690222,
    0.1,
    0.10602955063991505,
    0.12973195420717895,
    0.12683468882129328,
    0.1
  ],
  "interruption_reason": "completed",
  "timestamp": "20250814_124457"
}