{
  "feature_set": "dellacherie",
  "population_size": 15,
  "elite_size": 5,
  "noise_std": 0.9025,
  "noise_decay": 0.95,
  "n_processes": 8,
  "current_generation": 1,
  "mean": [
    0.3174825638508115,
    -0.1704737566591819,
    -1.86833493968969,
    0.07703011291298982,
    -0.743286032994465,
    -0.4820554799941526
  ],
  "std": [
    1.2955437011718407,
    0.44569185638380104,
    1.464977375695965,
    0.3147432552667787,
    0.14335910679842442,
    0.8357724989081512
  ],
  "interruption_reason": "periodic_save",
  "timestamp": "20250814_134601"
}