{
  "feature_set": "dellacherie",
  "population_size": 20,
  "elite_size": 8,
  "noise_std": 0.9655206468094844,
  "noise_decay": 0.995,
  "n_processes": 16,
  "current_generation": 6,
  "mean": [
    1.1723408144219496,
    -0.39786697727502307,
    -0.9594504514428284,
    -0.01939785884468031,
    -1.0953191569901357,
    -0.8202471744055843
  ],
  "std": [
    0.2748532466345605,
    0.3659552981701031,
    0.19737124358826294,
    0.13463327938229416,
    0.24800992422874485,
    0.2180345377042377
  ],
  "interruption_reason": "periodic_save",
  "timestamp": "20250814_014420"
}