{
  "generations": [
    0
  ],
  "best_scores": [
    2.0
  ],
  "mean_scores": [
    0.23333333333333334
  ],
  "std_scores": [
    0.6018490028422595
  ],
  "noise_levels": [
    0.95
  ],
  "elite_scores": [
    [
      2.0,
      1.5,
      0.0,
      0.0,
      0.0
    ]
  ],
  "population_diversity": [
    0.6018490028422595
  ],
  "weight_evolution": [
    [
      -0.22216796539208605,
      0.0663572030856017,
      -0.1013945227699304,
      1.1266957759161598,
      -0.6993418561857176,
      0.04887290894615206
    ]
  ],
  "convergence_metrics": [],
  "errors": [],
  "game_times": [
    0.33714216550191245
  ],
  "parallel_efficiency": [
    3.84925023541579
  ],
  "total_training_time": 0
}