{
  "feature_set": "dellacherie",
  "population_size": 15,
  "elite_size": 5,
  "noise_std": 0.95,
  "noise_decay": 0.95,
  "n_processes": 8,
  "current_generation": 0,
  "mean": [
    -0.22216796539208605,
    0.0663572030856017,
    -0.1013945227699304,
    1.1266957759161598,
    -0.6993418561857176,
    0.04887290894615206
  ],
  "std": [
    0.6338503035393227,
    0.9116245244466095,
    0.42016374088132674,
    1.3624493869529246,
    0.9958898550608963,
    0.8131237254814903
  ],
  "interruption_reason": "periodic_save",
  "timestamp": "20250814_131613"
}