{
  "feature_set": "dellacherie",
  "population_size": 15,
  "elite_size": 5,
  "noise_std": 0.7350918906249998,
  "noise_decay": 0.95,
  "n_processes": 8,
  "current_generation": 5,
  "mean": [
    0.8127466752367036,
    0.47239149025333277,
    -1.8743836602420576,
    0.034689314947620876,
    -0.6103104229986458,
    0.68220292773704
  ],
  "std": [
    0.1,
    0.6762502509373614,
    0.3984959040698496,
    0.1,
    0.17624889874838456,
    0.1
  ],
  "interruption_reason": "periodic_save",
  "timestamp": "20250814_134514"
}