{
  "feature_set": "dellacherie",
  "population_size": 15,
  "elite_size": 5,
  "noise_std": 0.8145062499999999,
  "noise_decay": 0.95,
  "n_processes": 8,
  "current_generation": 5,
  "mean": [
    0.08275357571747737,
    -0.2550258679325502,
    -0.18929059666881579,
    0.8163421491655857,
    0.5442492199888551,
    -0.2158886479993317
  ],
  "std": [
    0.37598711901655235,
    0.6794407478189733,
    2.3272032460052285,
    0.32876378786647975,
    0.5013440127892806,
    0.25466190695617624
  ],
  "interruption_reason": "periodic_save",
  "timestamp": "20250814_132316"
}