{
  "feature_set": "dellacherie",
  "population_size": 28,
  "elite_size": 3,
  "noise_std": 1.1750970358400001,
  "noise_decay": 0.98,
  "n_processes": 8,
  "current_generation": 4,
  "mean": [
    0.9926712313729787,
    -1.214781643709127,
    -1.5824002290568355,
    -0.19625154217653193,
    -2.0974678845902166,
    -0.3647946005954734
  ],
  "std": [
    0.2886107590874223,
    0.8979568511502017,
    0.1,
    0.2659093101020858,
    0.1,
    0.19060073199778885
  ],
  "interruption_reason": "periodic_save",
  "timestamp": "20250814_114133"
}