{
  "feature_set": "dellacherie",
  "population_size": 15,
  "elite_size": 5,
  "noise_std": 0.95,
  "noise_decay": 0.95,
  "n_processes": 8,
  "current_generation": 0,
  "mean": [
    -0.16757401362788366,
    -0.6925839342523149,
    -0.17254771331101965,
    -0.27112292260862914,
    -1.0515489458835048,
    0.1501113724811348
  ],
  "std": [
    0.5099480362726009,
    0.9469054972081552,
    1.0417540702349124,
    0.5793600519469541,
    0.7410047687638034,
    1.5110020144906104
  ],
  "interruption_reason": "periodic_save",
  "timestamp": "20250814_110722"
}