{
  "generations": [
    0
  ],
  "best_scores": [
    11.5
  ],
  "mean_scores": [
    0.9
  ],
  "std_scores": [
    2.8763402673072833
  ],
  "noise_levels": [
    0.95
  ],
  "elite_scores": [
    [
      11.5,
      2.0,
      0.0,
      0.0,
      0.0
    ]
  ],
  "population_diversity": [
    2.8763402673072833
  ],
  "weight_evolution": [
    [
      -0.16757401362788366,
      -0.6925839342523149,
      -0.17254771331101965,
      -0.27112292260862914,
      -1.0515489458835048,
      0.1501113724811348
    ]
  ],
  "convergence_metrics": [],
  "errors": [],
  "game_times": [
    0.3747288703918457
  ],
  "parallel_efficiency": [
    3.9694611530056343
  ],
  "total_training_time": 0
}