{
  "feature_set": "dellacherie",
  "population_size": 15,
  "elite_size": 5,
  "noise_std": 0.8145062499999999,
  "noise_decay": 0.95,
  "n_processes": 8,
  "current_generation": 3,
  "mean": [
    1.0314131864407758,
    -0.21592873847098484,
    -0.06278107869209651,
    0.5408039398569142,
    -0.8731510751217366,
    -0.4612896633195108
  ],
  "std": [
    0.20101834353785228,
    0.1,
    0.14636426349483686,
    0.49032676277098797,
    0.2855673782745399,
    0.3125904987751068
  ],
  "interruption_reason": "periodic_save",
  "timestamp": "20250814_125741"
}