{
  "generations": [
    0,
    1
  ],
  "best_scores": [
    3.0,
    14.0
  ],
  "mean_scores": [
    0.16666666666666666,
    1.3611111111111112
  ],
  "std_scores": [
    0.6871842709362769,
    3.3739424497642205
  ],
  "noise_levels": [
    1.056,
    1.01376
  ],
  "elite_scores": [
    [
      3.0,
      0.0,
      0.0,
      0.0
    ],
    [
      14.0,
      6.0,
      2.0,
      1.0
    ]
  ],
  "population_diversity": [
    0.6871842709362769,
    3.3739424497642205
  ],
  "weight_evolution": [
    [
      -0.3283453888634444,
      -0.6084803318697911,
      -0.3661098661938331,
      -0.14935143949221272,
      -0.21329311326321776,
      0.39705960153812897
    ],
    [
      -0.5660547568330709,
      -0.6557775822712828,
      -1.2848505508542933,
      -0.2419315168475481,
      -0.8743235095139474,
      -0.6599246119040004
    ]
  ],
  "convergence_metrics": [],
  "errors": [],
  "game_times": [
    0.29424413045247394,
    0.4131871991687351
  ],
  "parallel_efficiency": [
    4.701652617596936,
    4.492032746838976
  ],
  "total_training_time": 0
}