{
  "feature_set": "dellacherie",
  "population_size": 18,
  "elite_size": 4,
  "noise_std": 1.01376,
  "noise_decay": 0.96,
  "n_processes": 8,
  "current_generation": 1,
  "mean": [
    -0.5660547568330709,
    -0.6557775822712828,
    -1.2848505508542933,
    -0.2419315168475481,
    -0.8743235095139474,
    -0.6599246119040004
  ],
  "std": [
    0.5756343000793371,
    0.29482046530551254,
    0.6974968316507373,
    0.6088900208674513,
    0.32105271397614304,
    0.3306408332312006
  ],
  "interruption_reason": "periodic_save",
  "timestamp": "20250814_120354"
}