{
  "feature_set": "dellacherie",
  "population_size": 15,
  "elite_size": 5,
  "noise_std": 0.8573749999999999,
  "noise_decay": 0.95,
  "n_processes": 8,
  "current_generation": 2,
  "mean": [
    0.22552479282851193,
    -0.1494124839665409,
    0.08040938100753861,
    0.3223387603494333,
    -1.3130395897331515,
    -0.25845321151708384
  ],
  "std": [
    0.6679259202062918,
    0.8076472181202917,
    0.17998971791151128,
    0.14445940855882208,
    0.3819866278471553,
    0.7892873765893352
  ],
  "interruption_reason": "periodic_save",
  "timestamp": "20250814_135116"
}