{
  "episode_count": 2,
  "total_score": 21340.2,
  "total_lines": 1584,
  "total_t_spins": 4,
  "total_combos": 1,
  "avg_score": 10670.1,
  "avg_lines": 792.0,
  "avg_t_spins": 2.0,
  "avg_combos": 0.5,
  "current_game": {
    "score": 10670.1,
    "lines": 791,
    "t_spins": 2,
    "combo": 1,
    "game_length": 1139.5587167739868
  },
  "scores_list": [
    10670.1,
    10670.1
  ],
  "lines_list": [
    793,
    791
  ],
  "t_spins_list": [
    2,
    2
  ],
  "combos_list": [
    0,
    1
  ],
  "game_lengths": [
    1147.1411862373352,
    1139.5587167739868
  ]
}