{
  "feature_set": "dellacherie",
  "population_size": 15,
  "elite_size": 5,
  "noise_std": 0.9025,
  "noise_decay": 0.95,
  "n_processes": 8,
  "current_generation": 1,
  "mean": [
    0.07997688801567393,
    0.07741876192953537,
    0.15786159956002146,
    -0.8505549661868204,
    -0.7444802364379909,
    0.10883750730461095
  ],
  "std": [
    0.7092780210828492,
    0.35043275661208245,
    1.039766990460239,
    0.131659692603424,
    0.6621352538486253,
    0.9597253134152736
  ],
  "interruption_reason": "periodic_save",
  "timestamp": "20250814_132201"
}