{
  "generations": [
    0,
    1,
    2,
    3,
    4,
    5,
    6
  ],
  "best_scores": [
    2.0,
    15.0,
    65.5,
    122.0,
    105.0,
    140.0,
    281.5
  ],
  "mean_scores": [
    0.23333333333333334,
    1.8666666666666667,
    7.866666666666666,
    11.0,
    21.633333333333333,
    38.3,
    121.96666666666667
  ],
  "std_scores": [
    0.6018490028422595,
    4.7730726185783325,
    17.510441329548367,
    31.32145164792547,
    36.19551844573518,
    49.97059135131382,
    106.29431886146232
  ],
  "noise_levels": [
    0.95,
    0.9025,
    0.8573749999999999,
    0.8145062499999999,
    0.7737809374999999,
    0.7350918906249998,
    0.6983372960937497
  ],
  "elite_scores": [
    [
      2.0,
      1.5,
      0.0,
      0.0,
      0.0
    ],
    [
      15.0,
      13.0,
      0.0,
      0.0,
      0.0
    ],
    [
      65.5,
      31.5,
      14.0,
      7.0,
      0.0
    ],
    [
      122.0,
      40.5,
      2.5,
      0.0,
      0.0
    ],
    [
      105.0,
      105.0,
      61.5,
      22.0,
      14.5
    ],
    [
      140.0,
      128.5,
      96.0,
      81.5,
      64.5
    ],
    [
      281.5,
      273.0,
      270.0,
      218.5,
      206.0
    ]
  ],
  "population_diversity": [
    0.6018490028422595,
    4.7730726185783325,
    17.510441329548367,
    31.32145164792547,
    36.19551844573518,
    49.97059135131382,
    106.29431886146232
  ],
  "weight_evolution": [
    [
      -0.22216796539208605,
      0.0663572030856017,
      -0.1013945227699304,
      1.1266957759161598,
      -0.6993418561857176,
      0.04887290894615206
    ],
    [
      -0.375702710326047,
      0.16799010849741816,
      -0.045388231778733565,
      0.6110893374897198,
      -1.1196510551175813,
      0.08033092977460203
    ],
    [
      -0.11835424019080346,
      0.5743072120264868,
      -0.2347029613036986,
      0.5173639418852426,
      -2.9485918096148054,
      0.09568332059511521
    ],
    [
      0.06680974545056029,
      0.6452859679987287,
      -0.23382573851329416,
      0.6996757454797802,
      -2.286658915896757,
      0.029876542250947925
    ],
    [
      0.14851991886905905,
      0.7361330034179296,
      -0.23045862343255852,
      0.456623041516257,
      -3.057909237764037,
      -0.1344476330852493
    ],
    [
      0.11847404839544924,
      0.6515619444847875,
      -0.24760315261696694,
      0.01780443051610763,
      -2.2659097398945467,
      -0.17802838245020697
    ],
    [
      0.15064344288027934,
      0.6401817929414984,
      -0.28512985001597946,
      0.24714064801482188,
      -2.802067354460278,
      -0.23429053695698637
    ]
  ],
  "convergence_metrics": [],
  "errors": [],
  "game_times": [
    0.33714216550191245,
    0.4935250520706177,
    1.1942907651265462,
    1.8638305425643922,
    2.305786442756653,
    9.032955129941305,
    7.032696270942688
  ],
  "parallel_efficiency": [
    3.84925023541579,
    3.7313142639598116,
    1.7547503001289633,
    1.7308024827675033,
    3.040541903049125,
    5.999658841324932,
    5.17137686405384
  ],
  "total_training_time": 0
}