{
  "feature_set": "dellacherie",
  "population_size": 15,
  "elite_size": 5,
  "noise_std": 0.6983372960937497,
  "noise_decay": 0.95,
  "n_processes": 8,
  "current_generation": 6,
  "mean": [
    0.15064344288027934,
    0.6401817929414984,
    -0.28512985001597946,
    0.24714064801482188,
    -2.802067354460278,
    -0.23429053695698637
  ],
  "std": [
    0.1,
    0.12061061692181613,
    0.12695027510232965,
    0.2531913494900879,
    0.9017895057403441,
    0.1
  ],
  "interruption_reason": "periodic_save",
  "timestamp": "20250814_131858"
}