{
  "feature_set": "dellacherie",
  "population_size": 15,
  "elite_size": 5,
  "noise_std": 0.8573749999999999,
  "noise_decay": 0.95,
  "n_processes": 8,
  "current_generation": 2,
  "mean": [
    -0.11835424019080346,
    0.5743072120264868,
    -0.2347029613036986,
    0.5173639418852426,
    -2.9485918096148054,
    0.09568332059511521
  ],
  "std": [
    0.3786086443695349,
    0.49161972052605113,
    0.28818294315669596,
    0.7403882322785825,
    1.7949636317005353,
    0.43061044218695665
  ],
  "interruption_reason": "periodic_save",
  "timestamp": "20250814_131637"
}