{
  "feature_set": "dellacherie",
  "population_size": 15,
  "elite_size": 5,
  "noise_std": 0.6983372960937497,
  "noise_decay": 0.95,
  "n_processes": 8,
  "current_generation": 6,
  "mean": [
    -0.4164989903381982,
    -0.3120747025240446,
    -1.1924013011942856,
    -0.031910068408930584,
    -0.9355368043031396,
    0.19177436379611348
  ],
  "std": [
    0.1,
    0.1,
    0.18068697984692048,
    0.11855972640959238,
    0.3482699773820673,
    0.1
  ],
  "interruption_reason": "periodic_save",
  "timestamp": "20250814_131533"
}