{
  "feature_set": "dellacherie",
  "population_size": 15,
  "elite_size": 5,
  "noise_std": 0.8145062499999999,
  "noise_decay": 0.95,
  "n_processes": 8,
  "current_generation": 4,
  "mean": [
    0.9563903542331833,
    -0.5944708696169159,
    0.5913537508748432,
    1.0348322978300932,
    -0.2929171619256502,
    -0.5921959771514131
  ],
  "std": [
    0.2878445190625462,
    0.1901799145848831,
    0.41157894953771434,
    0.9465847086385091,
    1.5831065820950383,
    1.152773703911896
  ],
  "interruption_reason": "periodic_save",
  "timestamp": "20250814_135310"
}