{
  "feature_set": "dellacherie",
  "population_size": 15,
  "elite_size": 5,
  "noise_std": 0.6983372960937497,
  "noise_decay": 0.95,
  "n_processes": 8,
  "current_generation": 6,
  "mean": [
    0.29505403466620334,
    0.4546789595642493,
    -0.6306011378828991,
    -0.325459507659796,
    -2.630384049751469,
    -0.4223995302945762
  ],
  "std": [
    0.140925674352071,
    0.12891798336831012,
    0.12045958537225951,
    0.1,
    0.18590363621529465,
    0.1
  ],
  "interruption_reason": "periodic_save",
  "timestamp": "20250814_124409"
}