{
  "feature_set": "dellacherie",
  "population_size": 20,
  "elite_size": 4,
  "noise_std": 0.7350918906249998,
  "noise_decay": 0.95,
  "n_processes": 8,
  "current_generation": 5,
  "mean": [
    -0.480429410957811,
    1.5327334384477513,
    -0.14456266256451572,
    0.2643493790103478,
    -2.8157223011153425,
    -0.33929678953319004
  ],
  "std": [
    0.1,
    0.2540607472331736,
    0.1,
    0.10304850516408783,
    0.32959307286781114,
    0.1
  ],
  "interruption_reason": "periodic_save",
  "timestamp": "20250814_112243"
}