{
  "generations": [
    0,
    1,
    2,
    3,
    4,
    5
  ],
  "best_scores": [
    12.333333333333334,
    23.333333333333332,
    108.33333333333333,
    271.6666666666667,
    268.3333333333333,
    262.3333333333333
  ],
  "mean_scores": [
    0.6166666666666667,
    1.8166666666666669,
    13.2,
    91.06666666666668,
    111.78333333333333,
    135.21666666666664
  ],
  "std_scores": [
    2.6879876818500827,
    5.5130904823580265,
    26.069437192919136,
    90.55437899712832,
    72.61690000727562,
    79.48132380209412
  ],
  "noise_levels": [
    0.95,
    0.9025,
    0.8573749999999999,
    0.8145062499999999,
    0.7737809374999999,
    0.7350918906249998
  ],
  "elite_scores": [
    [
      12.333333333333334,
      0.0,
      0.0,
      0.0
    ],
    [
      23.333333333333332,
      11.333333333333334,
      0.6666666666666666,
      0.6666666666666666
    ],
    [
      108.33333333333333,
      45.333333333333336,
      43.666666666666664,
      33.666666666666664
    ],
    [
      271.6666666666667,
      247.0,
      232.33333333333334,
      228.66666666666666
    ],
    [
      268.3333333333333,
      265.3333333333333,
      196.66666666666666,
      194.0
    ],
    [
      262.3333333333333,
      254.33333333333334,
      248.33333333333334,
      233.0
    ]
  ],
  "population_diversity": [
    2.6879876818500827,
    5.5130904823580265,
    26.069437192919136,
    90.55437899712832,
    72.61690000727562,
    79.48132380209412
  ],
  "weight_evolution": [
    [
      0.2912497178200898,
      0.44830148843790446,
      0.25927828523937185,
      -0.283678201539322,
      -0.15359787665548102,
      -0.5328166235249743
    ],
    [
      0.09291461810609487,
      1.0649875420060564,
      0.013774912843082299,
      -0.07134133488903141,
      -1.3535061151467818,
      -0.11784601147475732
    ],
    [
      -0.4389386475167296,
      0.7502200748277845,
      -0.36749557364245755,
      0.10019859069566434,
      -2.2259719426419164,
      -0.34920935543026527
    ],
    [
      -0.43375457038117177,
      0.8421376635475231,
      -0.40452585962158194,
      0.1931537631373127,
      -2.987546609864128,
      -0.4351114310977383
    ],
    [
      -0.49073801443837745,
      1.2633274342028373,
      -0.17379865930494648,
      0.24528045128281645,
      -2.754807384422607,
      -0.4087629704271968
    ],
    [
      -0.480429410957811,
      1.5327334384477513,
      -0.14456266256451572,
      0.2643493790103478,
      -2.8157223011153425,
      -0.33929678953319004
    ]
  ],
  "convergence_metrics": [],
  "errors": [],
  "game_times": [
    0.31391704877217613,
    0.37545129458109533,
    1.4041112462679544,
    7.990338027477264,
    12.196198904514311,
    12.707479099432629
  ],
  "parallel_efficiency": [
    4.73905541042747,
    4.42324179304618,
    2.1952531298274653,
    6.64619643112894,
    6.693595835565369,
    7.046073171707561
  ],
  "total_training_time": 0
}