{
  "feature_set": "dellacherie",
  "population_size": 15,
  "elite_size": 5,
  "noise_std": 0.9025,
  "noise_decay": 0.95,
  "n_processes": 8,
  "current_generation": 1,
  "mean": [
    0.05781906751044885,
    -0.538001890000056,
    0.21144243207588626,
    0.2228708100539361,
    -1.0138886942468268,
    0.42075904605714254
  ],
  "std": [
    0.5225763555926585,
    1.1204319747786968,
    0.3598517452134921,
    0.14866088640645556,
    0.837639228519094,
    1.1927930412309142
  ],
  "interruption_reason": "periodic_save",
  "timestamp": "20250814_135113"
}