{
  "generations": [
    0,
    1
  ],
  "best_scores": [
    6.5,
    112.0
  ],
  "mean_scores": [
    0.7666666666666667,
    7.6
  ],
  "std_scores": [
    1.7688665548562137,
    27.906510590421966
  ],
  "noise_levels": [
    0.95,
    0.9025
  ],
  "elite_scores": [
    [
      6.5,
      3.5,
      1.0,
      0.5,
      0.0
    ],
    [
      112.0,
      2.0,
      0.0,
      0.0,
      0.0
    ]
  ],
  "population_diversity": [
    1.7688665548562137,
    27.906510590421966
  ],
  "weight_evolution": [
    [
      0.309022845678638,
      0.5018713399243562,
      0.4749817878807964,
      0.17253039512070548,
      -0.4422536302354173,
      -0.026213286123899237
    ],
    [
      0.05781906751044885,
      -0.538001890000056,
      0.21144243207588626,
      0.2228708100539361,
      -1.0138886942468268,
      0.42075904605714254
    ]
  ],
  "convergence_metrics": [],
  "errors": [],
  "game_times": [
    0.32055433591206867,
    0.5407293160756429
  ],
  "parallel_efficiency": [
    3.40570424707934,
    1.811705375958821
  ],
  "total_training_time": 0
}