{
  "feature_set": "dellacherie",
  "population_size": 15,
  "elite_size": 5,
  "noise_std": 0.7737809374999999,
  "noise_decay": 0.95,
  "n_processes": 8,
  "current_generation": 4,
  "mean": [
    0.9339005150413853,
    -0.31421542544537645,
    -1.065523955430471,
    0.04429207182363354,
    -0.8108880729208903,
    -0.18678260422811593
  ],
  "std": [
    1.2824168656740338,
    0.20859929614262582,
    0.3664507087247331,
    0.1,
    0.1,
    0.11931278495968602
  ],
  "interruption_reason": "periodic_save",
  "timestamp": "20250814_134618"
}