{
  "feature_set": "dellacherie",
  "population_size": 20,
  "elite_size": 8,
  "noise_std": 0.9275689688183278,
  "noise_decay": 0.995,
  "n_processes": 16,
  "current_generation": 14,
  "mean": [
    0.980944936058201,
    -0.16914905397212393,
    -1.0785824986421613,
    0.09385968206960522,
    -1.0786912916772824,
    -0.6455739139405883
  ],
  "std": [
    0.18061415376551684,
    0.1,
    0.11874691846804562,
    0.1,
    0.10679057312796966,
    0.12045771899539726
  ],
  "interruption_reason": "completed",
  "timestamp": "20250814_030822"
}