{
  "feature_set": "dellacherie",
  "population_size": 20,
  "elite_size": 4,
  "noise_std": 0.8145062499999999,
  "noise_decay": 0.95,
  "n_processes": 8,
  "current_generation": 3,
  "mean": [
    -0.43375457038117177,
    0.8421376635475231,
    -0.40452585962158194,
    0.1931537631373127,
    -2.987546609864128,
    -0.4351114310977383
  ],
  "std": [
    0.1679245127062019,
    0.4692027557301967,
    0.2968681555779673,
    0.14694068614079198,
    0.45058991629437534,
    0.1
  ],
  "interruption_reason": "periodic_save",
  "timestamp": "20250814_111905"
}