{
  "feature_set": "dellacherie",
  "population_size": 15,
  "elite_size": 5,
  "noise_std": 0.7737809374999999,
  "noise_decay": 0.95,
  "n_processes": 8,
  "current_generation": 4,
  "mean": [
    0.14462144020197004,
    -0.5990293334736878,
    0.058530100181474184,
    0.2982997592993249,
    -1.6051478335641831,
    -0.4364183255921216
  ],
  "std": [
    0.7165676869810302,
    0.25040789030343164,
    0.1,
    0.1,
    0.20500207784455443,
    0.1
  ],
  "interruption_reason": "periodic_save",
  "timestamp": "20250814_135125"
}