{
  "feature_set": "dellacherie",
  "population_size": 20,
  "elite_size": 8,
  "noise_std": 0.995,
  "noise_decay": 0.995,
  "n_processes": 16,
  "current_generation": 0,
  "mean": [
    0.033830003471407244,
    0.7457344038869863,
    -0.7058860721662861,
    0.3224877606162433,
    -0.7284098691252529,
    0.01838054885335346
  ],
  "std": [
    0.9786911263183923,
    0.7643510955831672,
    0.7068046745166593,
    0.7256432670718024,
    0.556319510401978,
    0.8486536970125806
  ],
  "interruption_reason": "periodic_save",
  "timestamp": "20250814_003911"
}